Episode,Character,Type of appearance
1,Izuku Midoriya,Direct
1,Tsubasa,Flashback
1,Katsuki Bakugo,Direct
1,Giant Villain,Direct
1,Luminescent Baby,Flashback
1,All Might,Direct
1,Death Arms,Direct
1,Backdraft,Direct
1,Kamui Woods,Direct
1,Mt. Lady,Direct
1,Sludge Villain,Direct
1,Inko Midoriya,Flashback
1,Hisashi Midoriya,Mentioned
2,Izuku Midoriya,Direct
2,All Might,Direct
2,Sludge Villain,Direct
2,Katsuki Bakugo,Direct
2,All For One,Mentioned
2,Toxic Chainsaw,Mentioned
2,Death Arms,Direct
2,Slugger,Direct
2,Mt. Lady,Direct
2,Kamui Woods,Direct
2,Backdraft,Direct
2,Inko Midoriya,Flashback
3,All Might,Direct
3,Izuku Midoriya,Direct
3,Death Arms,Flashback
3,Slugger,Flashback
3,Katsuki Bakugo,Direct
3,Inko Midoriya,Direct
3,Sludge Villain,Mentioned
3,Ochaco Uraraka,Direct
3,Present Mic,Direct
3,Tenya Ida,Direct
4,All Might,Direct
4,Endeavor,Fantasy
4,Best Jeanist,Fantasy
4,Izuku Midoriya,Direct
4,Present Mic,Direct
4,Mezo Shoji,Direct
4,Yuga Aoyama,Direct
4,Ochaco Uraraka,Direct
4,Tenya Ida,Direct
4,Katsuki Bakugo,Direct
4,Nezu,Direct
4,Cementoss,Direct
4,Ectoplasm,Direct
4,Death Arms,Flashback
4,Slugger,Flashback
4,Sludge Villain,Flashback
4,Recovery Girl,Direct
4,Inko Midoriya,Direct
4,Tetsutetsu Tetsutetsu,Name
4,Eijiro Kirishima,Name
4,Ibara Shiozaki,Name
5,Ibara Shiozaki,Name
5,Itsuka Kendo,Name
5,Tetsutetsu Tetsutetsu,Name
5,Yosetsu Awase,Name
5,Shota Aizawa,Direct
5,All Might,Direct
5,Izuku Midoriya,Direct
5,Inko Midoriya,Direct
5,Tenya Ida,Direct
5,Katsuki Bakugo,Direct
5,Eijiro Kirishima,Direct
5,Mina Ashido,Direct
5,Denki Kaminari,Direct
5,Hanta Sero,Direct
5,Yuga Aoyama,Direct
5,Mashirao Ojiro,Direct
5,Kyoka Jiro,Direct
5,Ochaco Uraraka,Direct
5,Shoto Todoroki,Direct
5,Koji Koda,Direct
5,Tsuyu Asui,Direct
5,Toru Hagakure,Direct
5,Fumikage Tokoyami,Direct
5,Rikido Sato,Direct
5,Minoru Mineta,Direct
5,Momo Yaoyorozu,Direct
5,Mezo Shoji,Direct
5,Sludge Villain,Flashback
5,Present Mic,Voice commentary only
6,Izuku Midoriya,Direct
6,Ochaco Uraraka,Direct
6,Yuga Aoyama,Direct
6,Tenya Ida,Direct
6,Katsuki Bakugo,Direct
6,Shota Aizawa,Direct
6,Denki Kaminari,Direct
6,Toru Hagakure,Direct
6,Minoru Mineta,Direct
6,Rikido Sato,Direct
6,Kyoka Jiro,Direct
6,Fumikage Tokoyami,Direct
6,Momo Yaoyorozu,Direct
6,Hanta Sero,Direct
6,Eijiro Kirishima,Direct
6,Mezo Shoji,Direct
6,Mashirao Ojiro,Direct
6,Mina Ashido,Direct
6,Koji Koda,Direct
6,Shoto Todoroki,Direct
6,Tsuyu Asui,Direct
6,All Might,Direct
6,Recovery Girl,Flashback
6,Present Mic,Direct
6,Lunch Rush,Direct
6,Inko Midoriya,Flashback
6,Giant Villain,Flashback
6,Kamui Woods,Flashback
6,Mt. Lady,Flashback
6,Sludge Villain,Flashback
7,Katsuki Bakugo,Direct
7,Tenya Ida,Direct
7,Izuku Midoriya,Direct
7,Ochaco Uraraka,Direct
7,Tsubasa,Flashback
7,All Might,Direct
7,Eijiro Kirishima,Direct
7,Mina Ashido,Direct
7,Shoto Todoroki,Direct
7,Kyoka Jiro,Direct
7,Hanta Sero,Direct
7,Toru Hagakure,Direct
7,Koji Koda,Direct
7,Rikido Sato,Direct
7,Yuga Aoyama,Direct
7,Momo Yaoyorozu,Direct
7,Minoru Mineta,Direct
7,Mezo Shoji,Direct
7,Fumikage Tokoyami,Direct
7,Tsuyu Asui,Direct
7,Denki Kaminari,Direct
7,Mashirao Ojiro,Direct
7,Eraser Head,Flashback
7,Sludge Villain,Flashback
7,Kamui Woods,Drawing
8,Katsuki Bakugo,Direct
8,Izuku Midoriya,Direct
8,Tenya Ida,Direct
8,Ochaco Uraraka,Direct
8,Mezo Shoji,Direct
8,Fumikage Tokoyami,Direct
8,Momo Yaoyorozu,Direct
8,Tsuyu Asui,Direct
8,Denki Kaminari,Direct
8,Mashirao Ojiro,Direct
8,Minoru Mineta,Direct
8,All Might,Direct
8,Shoto Todoroki,Direct
8,Mina Ashido,Direct
8,Hanta Sero,Direct
8,Kyoka Jiro,Direct
8,Eijiro Kirishima,Direct
8,Rikido Sato,Direct
8,Yuga Aoyama,Direct
8,Koji Koda,Direct
8,Toru Hagakure,Direct
8,Present Mic,Voice only
8,Eraser Head,Flashback
8,Recovery Girl,Direct
8,Nezu,Silhouette
8,Naomasa Tsukauchi,Silhouette
8,Inko Midoriya,Mentioned
8,Kurogiri,Direct
8,Nomu,Direct
8,Tomura Shigaraki,Direct
9,Izuku Midoriya,Direct
9,Ochaco Uraraka,Direct
9,Tenya Ida,Direct
9,Katsuki Bakugo,Direct
9,Eraser Head,Direct
9,Tomura Shigaraki,Direct
9,Toru Hagakure,Direct
9,Mezo Shoji,Direct
9,Kyoka Jiro,Direct
9,Hanta Sero,Direct
9,Mashirao Ojiro,Direct
9,Denki Kaminari,Direct
9,Eijiro Kirishima,Direct
9,Yuga Aoyama,Direct
9,Minoru Mineta,Direct
9,Koji Koda,Direct
9,Rikido Sato,Direct
9,Momo Yaoyorozu,Direct
9,Fumikage Tokoyami,Direct
9,Shoto Todoroki,Direct
9,Tsuyu Asui,Direct
9,Mina Ashido,Direct
9,Ingenium,Pictured
9,Present Mic,Direct
9,Midnight,Direct
9,Recovery Girl,Direct
9,Nezu,Direct
9,Thirteen,Direct
9,Mt. Lady,Direct
9,Kamui Woods,Direct
9,Habit Headgear,Direct
9,All Might,Direct
9,Sludge Villain,Flashback
9,Inko Midoriya,Mentioned
9,Giant Villain,Flashback
9,Death Arms,Flashback
9,Backdraft,Flashback
9,Kurogiri,Direct
9,Stitched Giant,Direct
9,Thousand Eyes,Direct
9,Sickle Claw,Direct
9,Nomu,Direct
10,Tomura Shigaraki,Direct
10,Eijiro Kirishima,Direct
10,Ochaco Uraraka,Direct
10,Izuku Midoriya,Direct
10,Tenya Ida,Direct
10,Eraser Head,Direct
10,Hanta Sero,Direct
10,Momo Yaoyorozu,Direct
10,Mezo Shoji,Direct
10,Rikido Sato,Direct
10,Mashirao Ojiro,Direct
10,Denki Kaminari,Direct
10,Nomu,Direct
10,Kurogiri,Direct
10,Thirteen,Direct
10,Fumikage Tokoyami,Direct
10,Kyoka Jiro,Direct
10,Shoto Todoroki,Direct
10,Minoru Mineta,Direct
10,Katsuki Bakugo,Direct
10,Koji Koda,Direct
10,Mina Ashido,Direct
10,Yuga Aoyama,Direct
10,Toru Hagakure,Direct
10,Tsuyu Asui,Direct
10,Present Mic,Flashback
10,All Might,Direct
10,Nezu,Direct
10,Habit Headgear,Screen
11,Izuku Midoriya,Direct
11,Tsuyu Asui,Direct
11,Minoru Mineta,Direct
11,Shoto Todoroki,Direct
11,Denki Kaminari,Direct
11,Kyoka Jiro,Direct
11,Momo Yaoyorozu,Direct
11,Present Mic,Voice only
11,Eraser Head,Direct
11,Tomura Shigaraki,Direct
11,Nomu,Direct
11,Kurogiri,Direct
11,Thirteen,Direct
11,Hanta Sero,Direct
11,Rikido Sato,Direct
11,Mezo Shoji,Direct
11,Tenya Ida,Direct
11,Ochaco Uraraka,Direct
11,Mina Ashido,Direct
11,Eijiro Kirishima,Direct
11,Katsuki Bakugo,Direct
11,Mashirao Ojiro,Direct
11,Koji Koda,Direct
11,Fumikage Tokoyami,Direct
11,All Might,Direct
12,All Might,Direct
12,Ochaco Uraraka,Direct
12,Mina Ashido,Direct
12,Thirteen,Direct
12,Nezu,Mentioned
12,Rikido Sato,Direct
12,Hanta Sero,Direct
12,Mezo Shoji,Direct
12,Tenya Ida,Flashback
12,Minoru Mineta,Direct
12,Tsuyu Asui,Direct
12,Tomura Shigaraki,Direct
12,Nomu,Direct
12,Izuku Midoriya,Direct
12,Eraser Head,Direct
12,Habit Headgear,Screen
12,Denki Kaminari,Flashback
12,All For One,Mentioned
12,Kurogiri,Direct
12,Katsuki Bakugo,Direct
12,Shoto Todoroki,Direct
12,Eijiro Kirishima,Direct
12,Fumikage Tokoyami,Direct
12,Koji Koda,Direct
12,Mashirao Ojiro,Direct
13,Kyoka Jiro,Direct
13,Momo Yaoyorozu,Direct
13,Denki Kaminari,Direct
13,Katsuki Bakugo,Direct
13,Eijiro Kirishima,Direct
13,Izuku Midoriya,Direct
13,Shoto Todoroki,Direct
13,Tomura Shigaraki,Direct
13,Kurogiri,Direct
13,All Might,Direct
13,Snipe,Direct
13,Nezu,Direct
13,Vlad King,Direct
13,Minoru Mineta,Direct
13,Hanta Sero,Direct
13,Thirteen,Direct
13,Rikido Sato,Direct
13,Tsuyu Asui,Direct
13,Mina Ashido,Direct
13,Mezo Shoji,Direct
13,Eraser Head,Direct
13,Ochaco Uraraka,Direct
13,Tenya Ida,Direct
13,Cementoss,Direct
13,Ectoplasm,Direct
13,Hound Dog,Direct
13,Midnight,Direct
13,Power Loader,Direct
13,Present Mic,Direct
13,Mashirao Ojiro,Direct
13,Fumikage Tokoyami,Direct
13,Koji Koda,Direct
13,All For One,Voice only
13,Daruma Ujiko,Voice only
13,Naomasa Tsukauchi,Direct
13,Sansa Tamakawa,Direct
13,Yuga Aoyama,Direct
13,Toru Hagakure,Direct
13,Recovery Girl,Direct
13,Nomu,Direct
13,Stain,Cameo
14,Luminescent Baby,Recap
14,Giant Villain,Recap
14,Death Arms,Recap
14,Backdraft,Recap
14,Kamui Woods,Recap
14,Mt. Lady,Recap
14,All Might,Direct
14,Izuku Midoriya,Direct
14,Inko Midoriya,Direct
14,Eraser Head,Direct
14,Thirteen,Recap & flashback
14,Ochaco Uraraka,Direct
14,Ochaco's Father,Flashback
14,Ochaco's Mother,Flashback
14,Tenya Ida,Direct
14,Katsuki Bakugo,Direct
14,Shoto Todoroki,Direct
14,Sludge Villain,Flashback
14,Gran Torino,Direct
14,Vlad King,Direct
14,Midnight,Direct
14,Snipe,Direct
14,Naomasa Tsukauchi,Direct
14,Tomura Shigaraki,Fantasy & flashback
14,Kurogiri,Fantasy & flashback
14,Nezu,Direct
14,Nomu,Flashback
14,Eijiro Kirishima,Direct
14,Rikido Sato,Direct
14,Mezo Shoji,Direct
14,Mina Ashido,Direct
14,Kyoka Jiro,Direct
14,Momo Yaoyorozu,Direct
14,Hanta Sero,Direct
14,Denki Kaminari,Direct
14,Mashirao Ojiro,Direct
14,Yuga Aoyama,Direct
14,Tsuyu Asui,Direct
14,Toru Hagakure,Direct
14,Koji Koda,Direct
14,Fumikage Tokoyami,Direct
14,Minoru Mineta,Direct
14,Best Jeanist,Pictured
14,Edgeshot,Pictured
14,Endeavor,Pictured
14,Cementoss,Direct
15,All Might,Direct
15,Izuku Midoriya,Direct
15,Katsuki Bakugo,Direct
15,Ochaco Uraraka,Direct
15,Tenya Ida,Direct
15,Shoto Todoroki,Direct
15,Eraser Head,Direct
15,Tsuyu Asui,Direct
15,Eijiro Kirishima,Direct
15,Momo Yaoyorozu,Direct
15,Denki Kaminari,Direct
15,Fumikage Tokoyami,Direct
15,Minoru Mineta,Direct
15,Hitoshi Shinso,Direct
15,Tetsutetsu Tetsutetsu,Direct
15,Ingenium,Mentioned
15,Mezo Shoji,Direct
15,Toru Hagakure,Direct
15,Mashirao Ojiro,Direct
15,Hanta Sero,Direct
15,Mina Ashido,Direct
15,Yuga Aoyama,Direct
15,Koji Koda,Direct
15,Rikido Sato,Direct
15,Kyoka Jiro,Direct
15,Inko Midoriya,Direct
15,Endeavor,Mentioned
15,Mt. Lady,Direct
15,Kamui Woods,Direct
15,Death Arms,Direct
15,Present Mic,Direct
15,Thirteen,Direct
15,Snipe,Direct
15,Power Loader,Direct
15,Ectoplasm,Direct
15,Vlad King,Direct
15,Hound Dog,Direct
15,Itsuka Kendo,Direct
15,Ibara Shiozaki,Direct
15,Neito Monoma,Direct
15,Nirengeki Shoda,Direct
15,Juzo Honenuki,Direct
15,Kojiro Bondo,Direct
15,Yui Kodai,Direct
15,Yosetsu Awase,Direct
15,Pony Tsunotori,Direct
15,Mei Hatsume,Direct
15,Midnight,Direct
15,Nezu,Mentioned
15,Sludge Villain,Mentioned
16,Present Mic,Direct
16,Eraser Head,Direct
16,Izuku Midoriya,Direct
16,Shoto Todoroki,Direct
16,Endeavor,Mentioned
16,Katsuki Bakugo,Direct
16,Ibara Shiozaki,Direct
16,Eijiro Kirishima,Direct
16,Tetsutetsu Tetsutetsu,Direct
16,Denki Kaminari,Direct
16,Hiryu Rin,Direct
16,Hanta Sero,Direct
16,Fumikage Tokoyami,Direct
16,Snipe,Direct
16,Thirteen,Direct
16,All Might,Direct
16,Tenya Ida,Direct
16,Kyoka Jiro,Direct
16,Ochaco Uraraka,Direct
16,Mashirao Ojiro,Direct
16,Momo Yaoyorozu,Direct
16,Rikido Sato,Direct
16,Power Loader,Direct
16,Tsuyu Asui,Direct
16,Mina Ashido,Direct
16,Mei Hatsume,Direct
16,Hitoshi Shinso,Direct
16,Tensei Ida,Mentioned
16,Mezo Shoji,Direct
16,Yuga Aoyama,Direct
16,Inko Midoriya,Direct
16,Kinoko Komori,Direct
16,Shihai Kuroiro,Direct
16,Juzo Honenuki,Direct
16,Sen Kaibara,Direct
16,Setsuna Tokage,Direct
16,Neito Monoma,Direct
16,Togaru Kamakiri,Direct
16,Manga Fukidashi,Direct
16,Yui Kodai,Direct
16,Yosetsu Awase,Direct
16,Kojiro Bondo,Direct
16,Nirengeki Shoda,Direct
16,Minoru Mineta,Direct
16,Itsuka Kendo,Direct
16,Koji Koda,Direct
16,Death Arms,Direct
16,Kamui Woods,Direct
16,Mt. Lady,Direct
16,Tomura Shigaraki,Direct
16,Ectoplasm,Direct
16,Vlad King,Direct
16,Hound Dog,Direct
16,Midnight,Direct
16,Kosei Tsuburaba,Direct
16,Reiko Yanagi,Direct
16,Jurota Shishida,Direct
16,Pony Tsunotori,Direct
16,Toru Hagakure,Direct
17,Midnight,Direct
17,Thirteen,Direct
17,All Might,Direct
17,Present Mic,Direct
17,Snipe,Direct
17,Hound Dog,Direct
17,Vlad King,Direct
17,Ectoplasm,Direct
17,Fumikage Tokoyami,Direct
17,Hanta Sero,Direct
17,Mashirao Ojiro,Direct
17,Tsuyu Asui,Direct
17,Tenya Ida,Direct
17,Denki Kaminari,Direct
17,Izuku Midoriya,Direct
17,Ochaco Uraraka,Direct
17,Eijiro Kirishima,Direct
17,Koji Koda,Direct
17,Mina Ashido,Direct
17,Momo Yaoyorozu,Direct
17,Mezo Shoji,Direct
17,Rikido Sato,Direct
17,Kyoka Jiro,Direct
17,Katsuki Bakugo,Direct
17,Shoto Todoroki,Direct
17,Neito Monoma,Direct
17,Shihai Kuroiro,Direct
17,Togaru Kamakiri,Direct
17,Hiryu Rin,Direct
17,Hitoshi Shinso,Direct
17,Yui Kodai,Direct
17,Kojiro Bondo,Direct
17,Pony Tsunotori,Direct
17,Reiko Yanagi,Direct
17,Itsuka Kendo,Direct
17,Kinoko Komori,Direct
17,Yosetsu Awase,Direct
17,Nirengeki Shoda,Direct
17,Yuga Aoyama,Direct
17,Death Arms,Direct
17,Kamui Woods,Direct
17,Mt. Lady,Direct
17,Giant Villain,Flashback
17,Backdraft,Flashback
17,Slugger,Flashback
17,Sludge Villain,Flashback
17,Kosei Tsuburaba,Direct
17,Sen Kaibara,Direct
17,Manga Fukidashi,Direct
17,Jurota Shishida,Direct
17,Toru Hagakure,Direct
17,Minoru Mineta,Direct
17,Juzo Honenuki,Direct
17,Setsuna Tokage,Direct
17,Ibara Shiozaki,Direct
17,Tetsutetsu Tetsutetsu,Direct
17,Mei Hatsume,Direct
17,Airjet,Fantasy
17,Eraser Head,Direct
17,Endeavor,Direct
17,Power Loader,Direct
18,Minoru Mineta,Direct
18,Tsuyu Asui,Direct
18,Mezo Shoji,Direct
18,Denki Kaminari,Direct
18,Shoto Todoroki,Direct
18,Momo Yaoyorozu,Direct
18,Tenya Ida,Direct
18,Fumikage Tokoyami,Direct
18,Izuku Midoriya,Direct
18,Mei Hatsume,Direct
18,Ochaco Uraraka,Direct
18,Reiko Yanagi,Direct
18,Setsuna Tokage,Direct
18,Itsuka Kendo,Direct
18,Kinoko Komori,Direct
18,Kyoka Jiro,Direct
18,Rikido Sato,Direct
18,Koji Koda,Direct
18,Toru Hagakure,Direct
18,Jurota Shishida,Direct
18,Hiryu Rin,Direct
18,Present Mic,Direct
18,Eraser Head,Direct
18,Yuga Aoyama,Direct
18,Katsuki Bakugo,Direct
18,Eijiro Kirishima,Direct
18,Mashirao Ojiro,Direct
18,Kojiro Bondo,Direct
18,Yui Kodai,Direct
18,Manga Fukidashi,Direct
18,Hanta Sero,Direct
18,Mina Ashido,Direct
18,Neito Monoma,Direct
18,Kosei Tsuburaba,Direct
18,Sen Kaibara,Direct
18,Sludge Villain,Flashback
18,Shihai Kuroiro,Direct
18,All Might,Direct
18,Endeavor,Direct
18,Pony Tsunotori,Direct
18,Togaru Kamakiri,Direct
18,Hitoshi Shinso,Direct
18,Nirengeki Shoda,Direct
18,Tetsutetsu Tetsutetsu,Direct
18,Juzo Honenuki,Direct
18,Yosetsu Awase,Direct
18,Ibara Shiozaki,Direct
18,Inko Midoriya,Direct
19,Mezo Shoji,Direct
19,Minoru Mineta,Direct
19,Ochaco Uraraka,Direct
19,Denki Kaminari,Direct
19,Tenya Ida,Direct
19,Koji Koda,Direct
19,Rikido Sato,Direct
19,Toru Hagakure,Direct
19,Momo Yaoyorozu,Direct
19,Kyoka Jiro,Direct
19,Manga Fukidashi,Direct
19,Kojiro Bondo,Direct
19,Yui Kodai,Direct
19,Tsuyu Asui,Direct
19,Reiko Yanagi,Direct
19,Itsuka Kendo,Direct
19,Setsuna Tokage,Direct
19,Mina Ashido,Direct
19,Kinoko Komori,Direct
19,Shoto Todoroki,Direct
19,Izuku Midoriya,Direct
19,All Might,Direct
19,Nomu,Flashback
19,Endeavor,Direct
19,Fumikage Tokoyami,Direct
19,Hanta Sero,Direct
19,Eijiro Kirishima,Direct
19,Rei Todoroki,Flashback
19,Katsuki Bakugo,Direct
19,Inko Midoriya,Flashback
19,Eraser Head,Direct
19,Kurogiri,Flashback
19,Mei Hatsume,Direct
19,Present Mic,Direct
19,Tetsutetsu Tetsutetsu,Direct
19,Neito Monoma,Direct
19,Mashirao Ojiro,Direct
19,Nirengeki Shoda,Direct
19,Hitoshi Shinso,Direct
19,Yuga Aoyama,Direct
19,Midnight,Direct
19,Juzo Honenuki,Direct
19,Yosetsu Awase,Direct
19,Sen Kaibara,Direct
19,Shihai Kuroiro,Direct
19,Ibara Shiozaki,Direct
19,Kosei Tsuburaba,Direct
19,Pony Tsunotori,Direct
19,Togaru Kamakiri,Direct
19,Cementoss,Direct
19,Recovery Girl,Mentioned
20,Izuku Midoriya,Direct
20,Hitoshi Shinso,Direct
20,Midnight,Direct
20,Present Mic,Direct
20,Katsuki Bakugo,Direct
20,Denki Kaminari,Direct
20,Eijiro Kirishima,Direct
20,Fumikage Tokoyami,Direct
20,Tenya Ida,Direct
20,Ochaco Uraraka,Direct
20,Yuga Aoyama,Direct
20,Rikido Sato,Direct
20,Mezo Shoji,Direct
20,Mashirao Ojiro,Direct
20,Minoru Mineta,Direct
20,Momo Yaoyorozu,Direct
20,Koji Koda,Direct
20,Kyoka Jiro,Direct
20,Mina Ashido,Direct
20,Toru Hagakure,Direct
20,Tsuyu Asui,Direct
20,All Might,Direct
20,Ms. Joke,Direct
20,Eraser Head,Direct
20,Tetsutetsu Tetsutetsu,Flashback
20,Nirengeki Shoda,Flashback
20,Ibara Shiozaki,Flashback
20,Juzo Honenuki,Flashback
20,Yosetsu Awase,Flashback
20,Past One For All users,"Shadows)
First user
Second user
Third user
Fourth user
Fifth user
Sixth user
Seventh use"
20,Cementoss,Direct
20,Recovery Girl,Direct
20,Shoto Todoroki,Direct
20,Endeavor,Direct
20,Rei Todoroki,Mentioned
20,Hanta Sero,Direct
20,Death Arms,Direct
20,Kamui Woods,Direct
21,Cementoss,Direct
21,Midnight,Direct
21,Ibara Shiozaki,Direct
21,Denki Kaminari,Direct
21,Present Mic,Direct
21,Eraser Head,Direct
21,Tetsutetsu Tetsutetsu,Direct
21,Juzo Honenuki,Direct
21,Manga Fukidashi,Direct
21,Nirengeki Shoda,Direct
21,Yosetsu Awase,Direct
21,Tsuyu Asui,Direct
21,Kyoka Jiro,Direct
21,Mashirao Ojiro,Direct
21,Toru Hagakure,Direct
21,Koji Koda,Direct
21,Mezo Shoji,Direct
21,Neito Monoma,Direct
21,Momo Yaoyorozu,Direct
21,Mina Ashido,Direct
21,Kosei Tsuburaba,Direct
21,Shihai Kuroiro,Direct
21,Setsuna Tokage,Direct
21,Itsuka Kendo,Direct
21,Minoru Mineta,Direct
21,Rikido Sato,Direct
21,Kamui Woods,Direct
21,Mt. Lady,Direct
21,Ochaco Uraraka,Direct
21,Izuku Midoriya,Direct
21,Fumikage Tokoyami,Direct
21,Eijiro Kirishima,Direct
21,Katsuki Bakugo,Direct
21,Yuga Aoyama,Direct
21,Tenya Ida,Direct
21,Mei Hatsume,Direct
21,Hanta Sero,Direct
21,Reiko Yanagi,Direct
21,Kinoko Komori,Direct
21,Kojiro Bondo,Direct
21,Jurota Shishida,Flashback
21,Hiryu Rin,Flashback
21,Shoto Todoroki,Direct
22,Katsuki Bakugo,Direct
22,Ochaco Uraraka,Direct
22,Fumikage Tokoyami,Direct
22,Izuku Midoriya,Direct
22,Tenya Ida,Direct
22,Momo Yaoyorozu,Direct
22,Minoru Mineta,Direct
22,Mezo Shoji,Direct
22,Rikido Sato,Direct
22,Koji Koda,Direct
22,Kyoka Jiro,Direct
22,Tsuyu Asui,Direct
22,Present Mic,Direct
22,Mashirao Ojiro,Direct
22,Eraser Head,Direct
22,Denki Kaminari,Direct
22,Hanta Sero,Direct
22,Neito Monoma,Direct
22,Kosei Tsuburaba,Direct
22,Shihai Kuroiro,Direct
22,Itsuka Kendo,Direct
22,Setsuna Tokage,Direct
22,Reiko Yanagi,Direct
22,Cementoss,Direct
22,Kinoko Komori,Direct
22,Sen Kaibara,Direct
22,Ibara Shiozaki,Direct
22,Shoto Todoroki,Direct
22,Ochaco's Mother,Flashback
22,Ochaco's Father,Flashback
22,Midnight,Direct
22,Recovery Girl,Mentioned
22,Eijiro Kirishima,Direct
22,Tetsutetsu Tetsutetsu,Direct
22,Endeavor,Direct
22,All Might,Direct
22,Thirteen,Direct
22,Hound Dog,Direct
22,Vlad King,Direct
22,Sensei,Direct
22,Tomura Shigaraki,Direct
22,Inko Midoriya,Direct
22,Mt. Lady,Direct
22,Kamui Woods,Direct
22,Nomu,Flashback
22,Kurogiri,Flashback
23,Shoto Todoroki,Direct
23,Tenya Ida,Direct
23,Ochaco Uraraka,Direct
23,Fumikage Tokoyami,Direct
23,Hanta Sero,Direct
23,Denki Kaminari,Direct
23,Katsuki Bakugo,Direct
23,Rei Todoroki,Flashback
23,All Might,Direct
23,Thirteen,Direct
23,Snipe,Direct
23,Power Loader,Direct
23,Hound Dog,Direct
23,Endeavor,Direct
23,Izuku Midoriya,Direct
23,Present Mic,Direct
23,Eraser Head,Direct
23,Eijiro Kirishima,Direct
23,Rikido Sato,Direct
23,Mashirao Ojiro,Direct
23,Momo Yaoyorozu,Direct
23,Mina Ashido,Direct
23,Hitoshi Shinso,Direct
23,Cementoss,Direct
23,Recovery Girl,Mentioned
23,Midnight,Direct
23,Fuyumi Todoroki,Flashback
23,Natsuo Todoroki,Flashback
23,Toya Todoroki,Flashback
23,Toru Hagakure,Direct
23,Koji Koda,Direct
23,Minoru Mineta,Direct
23,Mezo Shoji,Direct
23,Yuga Aoyama,Direct
23,Kyoka Jiro,Direct
23,Tsuyu Asui,Direct
23,Death Arms,Direct
23,Kamui Woods,Direct
24,Katsuki Bakugo,Direct
24,Shoto Todoroki,Direct
24,Endeavor,Direct
24,Izuku Midoriya,Direct
24,Recovery Girl,Direct
24,All Might,Direct
24,Minoru Mineta,Direct
24,Tsuyu Asui,Direct
24,Ochaco Uraraka,Direct
24,Tenya Ida,Direct
24,Hanta Sero,Direct
24,Ibara Shiozaki,Direct
24,Midnight,Direct
24,Fumikage Tokoyami,Direct
24,Mina Ashido,Direct
24,Hitoshi Shinso,Flashback
24,Nana Shimura,Flashback
24,Ingenium,Direct
24,Stain,Direct
24,Eijiro Kirishima,Direct
24,Tetsutetsu Tetsutetsu,Direct
24,Juzo Honenuki,Direct
24,Yosetsu Awase,Direct
24,Nirengeki Shoda,Direct
24,Denki Kaminari,Direct
24,Present Mic,Direct
24,Eraser Head,Direct
24,Momo Yaoyorozu,Direct
24,Toru Hagakure,Direct
24,Kyoka Jiro,Direct
24,Mezo Shoji,Direct
24,Koji Koda,Direct
24,Neito Monoma,Direct
24,Sen Kaibara,Direct
24,Itsuka Kendo,Direct
24,Pony Tsunotori,Direct
24,Kurogiri,Direct
24,Tomura Shigaraki,Direct
25,Shoto Todoroki,Direct
25,Rei Todoroki,Direct
25,Izuku Midoriya,Direct
25,Katsuki Bakugo,Direct
25,Midnight,Direct
25,Mt. Lady,Pictured
25,Fumikage Tokoyami,Direct
25,Ochaco Uraraka,Direct
25,Tsuyu Asui,Direct
25,Minoru Mineta,Direct
25,Hanta Sero,Direct
25,Denki Kaminari,Direct
25,Eijiro Kirishima,Direct
25,Yuga Aoyama,Direct
25,Rikido Sato,Direct
25,Mezo Shoji,Direct
25,Mashirao Ojiro,Direct
25,Momo Yaoyorozu,Direct
25,Kyoka Jiro,Direct
25,Mina Ashido,Direct
25,Koji Koda,Direct
25,Toru Hagakure,Direct
25,Eraser Head,Direct
25,Present Mic,Direct
25,All Might,Direct
25,Endeavor,Direct
25,Tenya Ida,Direct
25,Hitoshi Shinso,Direct
25,Tetsutetsu Tetsutetsu,Direct
25,Yosetsu Awase,Direct
25,Nirengeki Shoda,Direct
25,Sen Kaibara,Direct
25,Neito Monoma,Direct
25,Juzo Honenuki,Direct
25,Kojiro Bondo,Direct
25,Togaru Kamakiri,Direct
25,Itsuka Kendo,Direct
25,Kinoko Komori,Direct
25,Hiryu Rin,Direct
25,Ibara Shiozaki,Direct
25,Setsuna Tokage,Direct
25,Pony Tsunotori,Direct
25,Tomura Shigaraki,Direct
25,Tenya's Mother,Direct
25,Tensei Ida,Direct
25,Stain,Direct
25,Fuyumi Todoroki,Direct
25,Ochaco's Father,Direct
25,Ochaco's Mother,Direct
25,Inko Midoriya,Direct
25,Mitsuki Bakugo,voice only
26,Tenya Ida,Direct
26,Shoto Todoroki,Direct
26,Denki Kaminari,Direct
26,Momo Yaoyorozu,Direct
26,Izuku Midoriya,Direct
26,Fumikage Tokoyami,Direct
26,Mei Hatsume,Screen
26,Ochaco Uraraka,Direct
26,Katsuki Bakugo,Direct
26,Yosetsu Awase,Direct
26,Mina Ashido,Direct
26,Yuga Aoyama,Direct
26,Eijiro Kirishima,Direct
26,Toru Hagakure,Direct
26,Mashirao Ojiro,Direct
26,Hanta Sero,Direct
26,Tsuyu Asui,Direct
26,Minoru Mineta,Direct
26,Kyoka Jiro,Direct
26,Eraser Head,Direct
26,Mezo Shoji,Direct
26,Koji Koda,Direct
26,Rikido Sato,Direct
26,Recovery Girl,Mentioned
26,Endeavor,Mentioned
26,Tomura Shigaraki,Flashback
26,Kurogiri,Flashback
26,Nomu,Flashback
26,Midnight,Direct
26,Present Mic,Flashback
26,Crimson Riot,Fantasy
26,Inko Midoriya,Flashback
26,Ingenium,Flashback
26,Cementoss,Direct
26,All Might,Direct
26,Thirteen,Fantasy
26,Mt. Lady,Mentioned
26,Gunhead,Fantasy
26,Nana Shimura,Mentioned
26,Gran Torino,Direct
26,Snipe,Direct
26,Hound Dog,Direct
26,Manual,Mentioned
26,Stain,Fantasy
27,Gran Torino,Direct
27,Izuku Midoriya,Direct
27,All Might,Flashback
27,Inko Midoriya,Mentioned
27,Tenya Ida,Direct
27,Shoto Todoroki,Direct
27,Denki Kaminari,Flashback
27,Mei Hatsume,Flashback
27,Manual,Direct
27,Stain,Direct
27,Tensei Ida,Flashback
27,Kurogiri,Direct
27,Tomura Shigaraki,Direct
27,Sensei,Voice
27,Sludge Villain,Flashback
27,Katsuki Bakugo,Direct
27,Best Jeanist,Direct
27,Ochaco Uraraka,Direct
27,Eijiro Kirishima,Direct
27,Tetsutetsu Tetsutetsu,Direct
27,Fourth Kind,Direct
27,Gunhead,Direct
27,Uwabami,Direct
27,Itsuka Kendo,Direct
27,Momo Yaoyorozu,Direct
27,Death Arms,Direct
27,Kyoka Jiro,Direct
27,Mt. Lady,Direct
27,Minoru Mineta,Direct
27,Tsuyu Asui,Direct
27,Sirius,Direct
27,Mick,Direct
27,Endeavor,Direct
27,Shota Aizawa,Mentioned
27,Nana Shimura,Mentioned
28,Izuku Midoriya,Direct
28,Gran Torino,Direct
28,Ochaco Uraraka,Direct
28,Gunhead,Direct
28,Fourth Kind,Direct
28,Eijiro Kirishima,Direct
28,Tetsutetsu Tetsutetsu,Direct
28,Best Jeanist,Direct
28,Katsuki Bakugo,Direct
28,Uwabami,Direct
28,Itsuka Kendo,Direct
28,Momo Yaoyorozu,Direct
28,Naomasa Tsukauchi,Direct
28,All Might,Direct
28,Nomu,U.S.J.
28,All For One,Mentioned
28,Stain,Direct
28,Tomura Shigaraki,Direct
28,Kurogiri,Direct
28,Manual,Direct
28,Tenya Ida,Direct
28,Ingenium,Flashback
28,Nomu,Hosu
28,Native,Direct
29,Izuku Midoriya,Direct
29,Nomu (U.S.J.) (Flashback),Direct
29,Eraser Head,Flashback
29,Nomu,Hosu
29,Gran Torino,Direct
29,Endeavor,Direct
29,All Might,Flashback
29,Katsuki Bakugo,Flashback
29,Shoto Todoroki,Direct
29,Eijiro Kirishima,Flashback
29,Tomura Shigaraki,Direct
29,Tenya Ida,Direct
29,The Fly,Direct
29,Manual,Direct
29,Kurogiri,Direct
29,Sensei,Voice
29,Stain,Direct
29,Ingenium,Flashback
29,Native,Direct
29,Tenya's father,Flashback
29,Present Mic,Voice commentary
29,Ochaco Uraraka,Flashback
29,Mezo Shoji,Flashback
29,Denki Kaminari,Flashback
29,Mina Ashido,Flashback
29,Tsuyu Asui,Flashback
29,Rei Todoroki,Flashback
30,Tenya Ida,Direct
30,Izuku Midoriya,Direct
30,Ingenium,Flashback
30,Shoto Todoroki,Direct
30,Stain,Direct
30,Native,Direct
30,Nomu,Direct
30,Gran Torino,Direct
30,Endeavor,Direct
30,Onima,Flashback
30,Manual,Direct
30,All Might,Mentioned
30,Tomura Shigaraki,Direct
30,Kurogiri,Direct
31,Kurogiri,Direct
31,Tomura Shigaraki,Direct
31,Nomu,Hosu
31,Onima,Direct
31,Kido,Direct
31,Manual,Direct
31,Shoto Todoroki,Direct
31,Izuku Midoriya,Direct
31,Tenya Ida,Direct
31,Gran Torino,Direct
31,Kenji Tsuragamae,Direct
31,Native,Mentioned
31,Stain,Screen
31,Endeavor,Pictured
31,Daikaku Miyagi,Direct
31,Nomu (U.S.J.) (Screen),Direct
31,Dabi,Direct
31,Gigantomachia,Direct
31,Himiko Toga,Direct
31,Best Jeanist,Direct
31,Katsuki Bakugo,Direct
31,Eijiro Kirishima,Direct
31,Tetsutetsu Tetsutetsu,Direct
31,Fourth Kind,Direct
31,Itsuka Kendo,Direct
31,Momo Yaoyorozu,Direct
31,Uwabami,Direct
31,Ochaco Uraraka,Direct
31,Gunhead,Direct
31,All Might,Direct
31,Present Mic,Direct
31,Eraser Head,Direct
31,Cementoss,Direct
31,Nana Shimura,Mentioned
31,Naomasa Tsukauchi,Mentioned
31,All For One,Mentioned
31,Giran,Direct
31,Mustard,Direct
31,Spinner,Direct
32,Izuku Midoriya,Direct
32,Stain,Mentioned
32,Daikaku Miyagi,Screen
32,Endeavor,Screen
32,Kenji Tsuragamae,Mentioned
32,Tenya's mother,Flashback
32,Tenya Ida,Flashback
32,Shoto Todoroki,Flashback
32,Best Jeanist,Direct
32,Katsuki Bakugo,Direct
32,Sludge Villain,Mentioned
32,Gunhead,Direct
32,Ochaco Uraraka,Direct
32,Uwabami,Direct
32,Momo Yaoyorozu,Direct
32,Itsuka Kendo,Direct
32,Fourth Kind,Direct
32,Eijiro Kirishima,Direct
32,Tetsutetsu Tetsutetsu,Direct
32,Death Arms,Direct
32,Kyoka Jiro,Direct
32,Tsuyu Asui,Direct
32,Sirius,Direct
32,Selkie,Direct
32,Mick,Direct
32,Present Mic,Voice commentary
32,Innsmouth,Direct
33,Gran Torino,Direct
33,Izuku Midoriya,Direct
33,All Might,Direct
33,Nana Shimura,Mentioned
33,Hanta Sero,Direct
33,Eijiro Kirishima,Direct
33,Katsuki Bakugo,Direct
33,Mina Ashido,Direct
33,Yuga Aoyama,Direct
33,Kyoka Jiro,Direct
33,Fumikage Tokoyami,Direct
33,Koji Koda,Direct
33,Tsuyu Asui,Direct
33,Ochaco Uraraka,Direct
33,Gunhead,Mentioned
33,Denki Kaminari,Direct
33,Minoru Mineta,Direct
33,Mt. Lady,Mentioned
33,Tenya Ida,Direct
33,Shoto Todoroki,Direct
33,Momo Yaoyorozu,Direct
33,Rikido Sato,Direct
33,Toru Hagakure,Direct
33,Mashirao Ojiro,Direct
33,Mezo Shoji,Direct
33,Endeavor,Mentioned
33,Kenji Tsuragamae,Flashback
33,Stain,Flashback
33,All For One,Direct
33,Nomu,Fantasy
33,The first user of One For All,Flashback
33,Eraser Head,Direct
33,Tomura Shigaraki,Screen
33,Doctor,Direct
34,Mt. Lady,Direct
34,Midnight,Direct
34,Minoru Mineta,Direct
34,Eraser Head,Direct
34,Katsuki Bakugo,Direct
34,Izuku Midoriya,Direct
34,Tenya Ida,Direct
34,Ochaco Uraraka,Direct
34,Denki Kaminari,Direct
34,Mina Ashido,Direct
34,Fumikage Tokoyami,Direct
34,Koji Koda,Direct
34,Rikido Sato,Direct
34,Shoto Todoroki,Direct
34,Momo Yaoyorozu,Direct
34,Kyoka Jiro,Direct
34,Hanta Sero,Direct
34,Mashirao Ojiro,Direct
34,Eijiro Kirishima,Direct
34,Mezo Shoji,Direct
34,Yuga Aoyama,Direct
34,Tsuyu Asui,Direct
34,Toru Hagakure,Direct
34,Neito Monoma,Direct
34,Stain,Mentioned
34,Itsuka Kendo,Direct
34,All Might,Direct
34,All For One,Mentioned
34,Thirteen,Direct
34,Present Mic,Direct
34,Snipe,Direct
34,Cementoss,Direct
34,Power Loader,Direct
34,Ectoplasm,Direct
34,Nezu,Direct
34,Native,Flashback
34,Mei Hatsume,Fantasy
34,Recovery Girl,Direct
35,Tsuyu Asui,Direct
35,Fumikage Tokoyami,Direct
35,Ectoplasm,Direct
35,Izuku Midoriya,Direct
35,Ochaco Uraraka,Direct
35,Recovery Girl,Direct
35,Present Mic,Voice commentary
35,Minoru Mineta,Flashback
35,Nezu,painted image
35,Momo Yaoyorozu,Direct
35,Mashirao Ojiro,Direct
35,Tenya Ida,Direct
35,Power Loader,Direct
35,Shoto Todoroki,Direct
35,Eraser Head,Direct
35,Denki Kaminari,Flashback
35,Mei Hatsume,Flashback
35,Stain,Mentioned
35,Hanta Sero,Flashback
35,Nomu,Flashback
35,Yuga Aoyama,Direct
35,Thirteen,Direct
36,Ochaco Uraraka,Direct
36,Yuga Aoyama,Direct
36,Thirteen,Direct
36,Gunhead,Flashback
36,Izuku Midoriya,Direct
36,Tsuyu Asui,Direct
36,Tenya Ida,Direct
36,Momo Yaoyorozu,Direct
36,Recovery Girl,Direct
36,Mina Ashido,Direct
36,Denki Kaminari,Direct
36,Nezu,Direct
36,Kyoka Jiro,Direct
36,Koji Koda,Direct
36,Present Mic,Direct
36,Mezo Shoji,Direct
36,Toru Hagakure,Direct
36,Snipe,Direct
36,Minoru Mineta,Direct
36,Cementoss,Mentioned
36,Midnight,Direct
36,Hanta Sero,Direct
36,Katsuki Bakugo,Direct
36,Eraser Head,Flashback
36,All Might,Direct
37,Katsuki Bakugo,Direct
37,Izuku Midoriya,Direct
37,Mashirao Ojiro,Flashback
37,Denki Kaminari,Direct
37,Mina Ashido,Direct
37,Hanta Sero,Flashback
37,Mezo Shoji,Flashback
37,Toru Hagakure,Flashback
37,Minoru Mineta,Flashback
37,Recovery Girl,Direct
37,Tsuyu Asui,Direct
37,Ochaco Uraraka,Direct
37,Tenya Ida,Direct
37,Momo Yaoyorozu,Direct
37,All Might,Direct
37,Hero Killer: Stain,Flashback
37,Tsubasa,Flashback
37,Nezu,painted image
37,Nomu,Flashback
37,Sludge Villain,Flashback
37,Shoto Todoroki,Direct
37,Eijiro Kirishima,Direct
37,Rikido Sato,Direct
37,Tomura Shigaraki,Direct
37,Kurogiri,Direct
37,Giran,Direct
37,Dabi,Direct
37,Himiko Toga,Direct
42,Kota Izumi,Direct
42,Water Hose,Flashback
42,Mandalay,Direct
42,Muscular,Direct
42,Tenya Ida,Direct
42,Minoru Mineta,Direct
42,Koji Koda,Direct
42,Pixie-Bob,Direct
42,Spinner,Direct
42,Magne,Direct
42,Izuku Midoriya,Direct
42,Tiger,Direct
42,Denki Kaminari,Direct
42,Mina Ashido,Direct
42,Hanta Sero,Direct
42,Eijiro Kirishima,Direct
42,Rikido Sato,Direct
42,Eraser Head,Direct
42,Neito Monoma,Direct
42,Vlad King,Direct
42,Dabi,Clone
42,Mashirao Ojiro,Direct
42,Stain,Mentioned
42,Itsuka Kendo,Direct
42,Yui Kodai,Direct
42,Juzo Honenuki,Direct
42,Ibara Shiozaki,Direct
42,Tetsutetsu Tetsutetsu,Direct
42,Momo Yaoyorozu,Flashback
42,Yosetsu Awase,Flashback
42,Katsuki Bakugo,Direct
42,Shoto Todoroki,Direct
42,Nomu,Flashback
42,Tomura Shigaraki,Flashback
42,Kosei Tsuburaba,Direct
42,Ragdoll,Flashback
42,Moonfish,Direct
42,Fumikage Tokoyami,Mentioned
42,Mezo Shoji,Mentioned
42,All Might,Voice
42,Inko Midoriya,Mentioned
43,Kurogiri,Direct
43,Tomura Shigaraki,Direct
43,Spinner,Direct
43,Muscular,Direct
43,Dabi,Direct
43,Moonfish,Direct
43,Himiko Toga,Direct
43,Mustard,Direct
43,Magne,Direct
43,Katsuki Bakugo,Direct
43,Kota Izumi,Direct
43,Izuku Midoriya,Direct
43,Ochaco Uraraka,Direct
43,Shoto Todoroki,Direct
43,Tenya Ida,Direct
43,Vlad King,Direct
43,Neito Monoma,Direct
43,Eijiro Kirishima,Direct
43,Eraser Head,Direct
43,Minoru Mineta,Direct
43,Koji Koda,Direct
43,Mashirao Ojiro,Direct
43,Twice,Direct
43,Kenji Tsuragamae,Flashback
43,Gran Torino,Flashback
43,Manual,Flashback
43,Pixie-Bob,Direct
43,Tiger,Direct
43,Mandalay,Direct
43,Fumikage Tokoyami,Direct
43,Momo Yaoyorozu,Direct
43,Yosetsu Awase,Direct
43,Nomu,Chainsaw
43,Tsuyu Asui,Direct
43,Tetsutetsu Tetsutetsu,Direct
43,Itsuka Kendo,Direct
43,Kosei Tsuburaba,Direct
43,Stain,Mentioned
43,Mina Ashido,Direct
43,Rikido Sato,Direct
43,Hanta Sero,Direct
43,Ibara Shiozaki,Mentioned
43,Mezo Shoji,Direct
43,Kojiro Bondo,Flashback
43,Yui Kodai,Flashback
43,Manga Fukidashi,Flashback
44,Fumikage Tokoyami,Direct
44,Mezo Shoji,Direct
44,Izuku Midoriya,Direct
44,Moonfish,Direct
44,Shoto Todoroki,Direct
44,Kosei Tsuburaba,Direct
44,Katsuki Bakugo,Direct
44,Vlad King,Mentioned
44,Eraser Head,Mentioned
44,All Might,Mentioned
44,Ochaco Uraraka,Direct
44,Tsuyu Asui,Direct
44,Himiko Toga,Direct
44,Gunhead,Flashback
44,Stain,Pictured
44,Mr. Compress,Direct
44,Magne,Direct
44,Spinner,Direct
44,Mustard,Direct
44,Nomu,Chainsaw
44,Muscular,Direct
44,Twice,Direct
44,Dabi,Direct
44,Yuga Aoyama,Direct
44,Yosetsu Awase,Direct
44,Momo Yaoyorozu,Direct
44,Toru Hagakure,Direct
44,Kyoka Jiro,Direct
44,Tomura Shigaraki,Mentioned
44,Tiger,Direct
44,Mandalay,Direct
44,Tenya Ida,Mentioned
44,Kurogiri,Direct
45,Eijiro Kirishima,Direct
45,Vlad King,Direct
45,Mina Ashido,Direct
45,Mashirao Ojiro,Direct
45,Tenya Ida,Direct
45,Denki Kaminari,Direct
45,Minoru Mineta,Direct
45,Hanta Sero,Direct
45,Koji Koda,Direct
45,Rikido Sato,Direct
45,Neito Monoma,Direct
45,Dabi,Direct
45,Eraser Head,Direct
45,Kota Izumi,Direct
45,Mr. Compress,Direct
45,Shoto Todoroki,Direct
45,Mezo Shoji,Direct
45,Twice,Direct
45,Himiko Toga,Direct
45,Izuku Midoriya,Direct
45,Nomu,Chainsaw
45,Kurogiri,Direct
45,Fumikage Tokoyami,Direct
45,Katsuki Bakugo,Direct
45,Yuga Aoyama,Direct
45,Yui Kodai,Direct
45,Ibara Shiozaki,Direct
45,Juzo Honenuki,Direct
45,Kosei Tsuburaba,Direct
45,Yosetsu Awase,Direct
45,Momo Yaoyorozu,Direct
45,Tetsutetsu Tetsutetsu,Direct
45,Itsuka Kendo,Direct
45,Mustard,Direct
45,Toru Hagakure,Direct
45,Kyoka Jiro,Direct
45,Sen Kaibara,Direct
45,Kojiro Bondo,Direct
45,Tiger,Direct
45,Mandalay,Direct
45,Ochaco Uraraka,Direct
45,Tsuyu Asui,Direct
45,Pixie-Bob,Pictured
45,Ragdoll,Pictured
45,Muscular,Direct
45,Moonfish,Direct
45,Tomura Shigaraki,Direct
45,Nezu,Direct
45,Snipe,Direct
45,Present Mic,Direct
45,Midnight,Direct
45,All Might,Direct
45,Naomasa Tsukauchi,Direct
45,Sansa Tamakawa,Direct
45,Water Hose,Mentioned
45,Daikaku Miyagi,Screen
45,Magne,Direct
45,Recovery Girl,Mentioned
45,Inko Midoriya,Flashback
45,Manual,Flashback
45,Kenji Tsuragamae,Flashback
46,Mina Ashido,Direct
46,Fumikage Tokoyami,Direct
46,Eijiro Kirishima,Direct
46,Mezo Shoji,Direct
46,Shoto Todoroki,Direct
46,Rikido Sato,Direct
46,Denki Kaminari,Direct
46,Minoru Mineta,Direct
46,Tsuyu Asui,Direct
46,Koji Koda,Direct
46,Tenya Ida,Direct
46,Izuku Midoriya,Direct
46,Ochaco Uraraka,Direct
46,Yuga Aoyama,Direct
46,Mashirao Ojiro,Direct
46,Hanta Sero,Direct
46,Kyoka Jiro,Mentioned
46,Toru Hagakure,Mentioned
46,Recovery Girl,Mentioned
46,Muscular,Flashback
46,Inko Midoriya,Voice
46,Endeavor,Direct
46,Naomasa Tsukauchi,Direct
46,Best Jeanist,Direct
46,Edgeshot,Direct
46,Gang Orca,Direct
46,Gran Torino,Direct
46,Mandalay,Direct
46,Kota Izumi,Direct
46,Tiger,Direct
46,Kamui Woods,Direct
46,Mt. Lady,Direct
46,Momo Yaoyorozu,Direct
46,Ingenium,Flashback
46,All Might,Direct
46,Katsuki Bakugo,Direct
46,Tomura Shigaraki,Direct
46,Himiko Toga,Direct
46,Kurogiri,Direct
46,Twice,Direct
46,Magne,Direct
46,Nezu,Screen
46,Eraser Head,Screen
46,Vlad King,Screen
46,Mr. Compress,Direct
46,Spinner,Direct
46,Dabi,Direct
46,Stain,Mentioned
47,Nezu,Direct
47,Eraser Head,Direct
47,Vlad King,Direct
47,Mustard,Mentioned
47,Itsuka Kendo,Mentioned
47,Tetsutetsu Tetsutetsu,Mentioned
47,Katsuki Bakugo,Direct
47,Sludge Villain,Flashback
47,Shoto Todoroki,Direct
47,Fumikage Tokoyami,Flashback
47,Tomura Shigaraki,Direct
47,Dabi,Direct
47,Magne,Direct
47,Twice,Direct
47,Kurogiri,Direct
47,Himiko Toga,Direct
47,Spinner,Direct
47,Mr. Compress,Direct
47,Best Jeanist,Direct
47,All For One,Direct
47,Momo Yaoyorozu,Direct
47,Eijiro Kirishima,Direct
47,Izuku Midoriya,Direct
47,Tenya Ida,Direct
47,Kyoka Jiro,Mentioned
47,Toru Hagakure,Mentioned
47,Mezo Shoji,Mentioned
47,Endeavor,Direct
47,X-Less,Direct
47,Naomasa Tsukauchi,Direct
47,Gran Torino,Direct
47,All Might,Direct
47,Kamui Woods,Direct
47,Edgeshot,Direct
47,Gang Orca,Direct
47,Tiger,Direct
47,Mt. Lady,Direct
47,Nomus,Direct
47,Ragdoll,Direct
47,Stain,Mentioned
47,Nomu,Chainsaw
48,Himiko Toga,Direct
48,Kamui Woods,Direct
48,Gran Torino,Direct
48,Spinner,Direct
48,Mr. Compress,Direct
48,Twice,Direct
48,Magne,Direct
48,All Might,Direct
48,Kurogiri,Direct
48,Dabi,Direct
48,Tomura Shigaraki,Direct
48,Nomus,Direct
48,Edgeshot,Direct
48,Endeavor,Direct
48,Naomasa Tsukauchi,Direct
48,Best Jeanist,Direct
48,Mt. Lady,Direct
48,Gang Orca,Direct
48,Tiger,Direct
48,Ragdoll,Direct
48,All For One,Direct
48,Nomu (Chainsaw) (Flashback),Direct
48,Shoto Todoroki,Direct
48,Eijiro Kirishima,Direct
48,Izuku Midoriya,Direct
48,Tenya Ida,Direct
48,Momo Yaoyorozu,Direct
48,Katsuki Bakugo,Direct
48,Kenji Tsuragamae,Flashback
48,Mezo Shoji,Flashback
48,Tsuyu Asui,Flashback
48,Yuga Aoyama,Flashback
48,Rikido Sato,Flashback
48,Vlad King,Flashback
48,Eraser Head,Flashback
48,Nezu,Flashback
48,Ochaco Uraraka,Flashback
48,Mashirao Ojiro,Flashback
48,Mina Ashido,Flashback
48,Denki Kaminari,Flashback
48,Hanta Sero,Flashback
48,Present Mic,Voice commentary
48,Nana Shimura,Flashback
49,All Might,Direct
49,Nana Shimura,Flashback
49,Shoto Todoroki,Direct
49,Momo Yaoyorozu,Direct
49,Izuku Midoriya,Direct
49,Tenya Ida,Direct
49,Eijiro Kirishima,Direct
49,Katsuki Bakugo,Direct
49,All For One,Direct
49,Gran Torino,Direct
49,Nezu,Direct
49,Eraser Head,Direct
49,Vlad King,Direct
49,Ochaco Uraraka,Direct
49,Fumikage Tokoyami,Direct
49,Minoru Mineta,Direct
49,Tsuyu Asui,Direct
49,Yuga Aoyama,Direct
49,Yugaâ€™s Mother,Direct
49,Moko Tamashi,Direct
49,Tomura Shigaraki,Flashback
49,Nomu (U.S.J.) (Flashback),Direct
49,Endeavor,Direct
49,Edgeshot,Direct
49,Nomus,Flashback
49,Naomasa Tsukauchi,Flashback
49,Rei Todoroki,Flashback
49,Kamui Woods,Direct
49,Best Jeanist,Direct
49,Gang Orca,Direct
49,Mt. Lady,Direct
49,Tiger,Direct
49,Ragdoll,Direct
49,Uwabami,Direct
50,All Might,Direct
50,Tomura Shigaraki,Direct
50,Naomasa Tsukauchi,Direct
50,Gran Torino,Direct
50,Nana Shimura,Flashback
50,Kotaro Shimura,Shadowed
50,Izuku Midoriya,Direct
50,Eijiro Kirishima,Direct
50,Tenya Ida,Direct
50,Shoto Todoroki,Direct
50,Momo Yaoyorozu,Direct
50,Katsuki Bakugo,Direct
50,Fuyumi Todoroki,Direct
50,Rei Todoroki,Mentioned
50,Endeavor,Direct
50,Inko Midoriya,Direct
50,Vlad King,Direct
50,Eraser Head,Direct
50,Nezu,Direct
50,Kyotoku Jiro,Direct
50,Mika Jiro,Direct
50,Kyoka Jiro,Direct
50,Mitsuki Bakugo,Direct
50,Masaru Bakugo,Direct
50,Kota Izumi,Flashback
50,All For One,Direct
50,Mr. Compress,Direct
50,Dabi,Direct
50,Spinner,Direct
50,Magne,Direct
50,Twice,Direct
50,Kurogiri,Direct
50,Himiko Toga,Direct
51,All Might,Direct
51,Inko Midoriya,Direct
51,Izuku Midoriya,Direct
51,Nana Shimura,Mentioned
51,Eijiro Kirishima,Direct
51,Momo Yaoyorozu,Direct
51,Mashirao Ojiro,Direct
51,Denki Kaminari,Direct
51,Hanta Sero,Direct
51,Toru Hagakure,Direct
51,Mezo Shoji,Direct
51,Ochaco Uraraka,Direct
51,Tsuyu Asui,Direct
51,Minoru Mineta,Direct
51,Shoto Todoroki,Direct
51,Kyoka Jiro,Direct
51,Koji Koda,Direct
51,Fumikage Tokoyami,Direct
51,Rikido Sato,Direct
51,Yuga Aoyama,Direct
51,Tenya Ida,Direct
51,Mina Ashido,Direct
51,Katsuki Bakugo,Direct
51,Nezu,Direct
51,Eraser Head,Direct
51,Kosei Tsuburaba,Flashback
51,Juzo Honenuki,Flashback
51,Yui Kodai,Flashback
51,Ibara Shiozaki,Flashback
51,Yosetsu Awase,Flashback
51,Itsuka Kendo,Flashback
51,Tetsutetsu Tetsutetsu,Flashback
51,Mustard,Flashback
51,Sen Kaibara,Flashback
51,Kojiro Bondo,Flashback
51,Tiger,Flashback
51,Mandalay,Flashback
51,Neito Monoma,Flashback
52,Izuku Midoriya,Direct
52,All Might,Direct
52,Tenya Ida,Direct
52,Shoto Todoroki,Direct
52,Mashirao Ojiro,Direct
52,Fumikage Tokoyami,Direct
52,Denki Kaminari,Direct
52,Hanta Sero,Direct
52,Katsuki Bakugo,Direct
52,Koji Koda,Direct
52,Eijiro Kirishima,Direct
52,Toru Hagakure,Direct
52,Kyoka Jiro,Direct
52,Ochaco Uraraka,Direct
52,Mina Ashido,Direct
52,Tsuyu Asui,Direct
52,Momo Yaoyorozu,Direct
52,Eraser Head,Direct
52,Mezo Shoji,Direct
52,Yuga Aoyama,Direct
52,Minoru Mineta,Direct
52,Rikido Sato,Direct
52,Cementoss,Direct
52,Midnight,Direct
52,Ectoplasm,Direct
52,Mei Hatsume,Direct
52,Kamui Woods,Flashback
52,Kurogiri,Flashback
52,Tomura Shigaraki,Flashback
52,Magne,Flashback
52,Mr. Compress,Flashback
52,Spinner,Flashback
52,Twice,Flashback
52,Himiko Toga,Flashback
52,Power Loader,Direct
52,Nomu (U.S.J.) (Flashback),Direct
52,Gran Torino,Flashback
52,Stain,Flashback
52,All For One,Flashback
52,Muscular,Flashback
52,Inko Midoriya,Flashback
53,Mei Hatsume,Direct
53,Izuku Midoriya,Direct
53,Tenya Ida,Direct
53,Ochaco Uraraka,Direct
53,Power Loader,Direct
53,Katsuki Bakugo,Direct
53,All Might,Direct
53,Eraser Head,Direct
53,Gran Torino,Flashback
53,Denki Kaminari,Direct
53,Eijiro Kirishima,Direct
53,Ectoplasm,Direct
53,Kyoka Jiro,Direct
53,Shoto Todoroki,Direct
53,Koji Koda,Direct
53,Itsuka Kendo,Direct
53,Vlad King,Direct
53,Neito Monoma,Direct
53,Fumikage Tokoyami,Direct
53,Mashirao Ojiro,Direct
53,Rikido Sato,Direct
53,Hanta Sero,Direct
53,Mina Ashido,Direct
53,Tsuyu Asui,Direct
53,Momo Yaoyorozu,Direct
53,Toru Hagakure,Direct
53,Minoru Mineta,Direct
53,Mezo Shoji,Direct
53,Inasa Yoarashi,Direct
53,Yuga Aoyama,Direct
53,Camie Utsushimi,Himiko's disguise
53,Seiji Shishikura,Direct
53,Nagamasa Mora,Direct
53,Ms. Joke,Direct
53,Itejiro Toteki,Direct
53,Tatami Nakagame,Direct
53,Yo Shindo,Direct
53,Shikkui Makabe,Direct
53,Yokumiru Mera,Direct
53,Stain,Fantasy
54,Ms. Joke,Direct
54,Eraser Head,Direct
54,Izuku Midoriya,Direct
54,Fumikage Tokoyami,Direct
54,Ochaco Uraraka,Direct
54,Tenya Ida,Direct
54,Mashirao Ojiro,Direct
54,Hanta Sero,Direct
54,Momo Yaoyorozu,Direct
54,Mezo Shoji,Direct
54,Kyoka Jiro,Direct
54,Koji Koda,Direct
54,Rikido Sato,Direct
54,Mina Ashido,Direct
54,Minoru Mineta,Direct
54,Yo Shindo,Direct
54,Shikkui Makabe,Direct
54,Present Mic,Voice commentary
54,Itejiro Toteki,Direct
54,Tsuyu Asui,Direct
54,Yuga Aoyama,Direct
54,Tatami Nakagame,Direct
54,Yokumiru Mera,Direct
54,Shoto Todoroki,Direct
54,Inasa Yoarashi,Direct
54,Eijiro Kirishima,Flashback
54,Camie Utsushimi,Himiko's disguise
54,Katsuki Bakugo,Flashback
54,Muscular,Flashback
54,Kota Izumi,Flashback
54,Dabi,Flashback
54,Kurogiri,Flashback
54,All Might,Flashback
54,All For One,Mentioned
54,Ectoplasm,Flashback
55,Shoto Todoroki,Direct
55,Present Mic,Voice commentary
55,Saiko Intelli,Direct
55,Momo Yaoyorozu,Direct
55,Kyoka Jiro,Direct
55,Tsuyu Asui,Direct
55,Mezo Shoji,Direct
55,Inasa Yoarashi,Direct
55,Yokumiru Mera,Voice
55,Izuku Midoriya,Direct
55,Fumikage Tokoyami,Flashback
55,Ochaco Uraraka,Direct
55,Tenya Ida,Flashback
55,Mashirao Ojiro,Flashback
55,Hanta Sero,Direct
55,Rikido Sato,Flashback
55,Yuga Aoyama,Flashback
55,Koji Koda,Flashback
55,Minoru Mineta,Flashback
55,Katsuki Bakugo,Direct
55,Eijiro Kirishima,Direct
55,Denki Kaminari,Direct
55,Seiji Shishikura,Direct
55,Itejiro Toteki,Direct
55,Tatami Nakagame,Direct
55,Shikkui Makabe,Direct
55,Yo Shindo,Direct
55,Camie Utsushimi,"Himiko's disguise, mentioned"
55,All Might,Pictured
55,Ms. Joke,Direct
55,Eraser Head,Direct
56,Yo Shindo,Direct
56,Tatami Nakagame,Direct
56,Shikkui Makabe,Direct
56,Itejiro Toteki,Direct
56,Denki Kaminari,Direct
56,Katsuki Bakugo,Direct
56,Seiji Shishikura,Direct
56,Eijiro Kirishima,Direct
56,Present Mic,Voice commentary
56,All Might,Mentioned
56,Mei Hatsume,Flashback
56,Power Loader,Flashback
56,Shoto Todoroki,Direct
56,Tsuyu Asui,Direct
56,Mezo Shoji,Direct
56,Momo Yaoyorozu,Direct
56,Kyoka Jiro,Direct
56,Inasa Yoarashi,Direct
56,Izuku Midoriya,Direct
56,Hanta Sero,Direct
56,Ochaco Uraraka,Direct
56,Yokumiru Mera,Direct
56,Toru Hagakure,Direct
56,Mashirao Ojiro,Direct
56,Mina Ashido,Direct
56,Minoru Mineta,Direct
56,Rikido Sato,Direct
56,Fumikage Tokoyami,Direct
56,Koji Koda,Direct
56,Tenya Ida,Direct
56,Yuga Aoyama,Direct
56,Tensei Ida,Mentioned
56,Eraser Head,Direct
56,Ms. Joke,Direct
56,Camie Utsushimi,Himiko's disguise
56,Nagamasa Mora,Direct
57,Denki Kaminari,Direct
57,Minoru Mineta,Direct
57,Toru Hagakure,Direct
57,Momo Yaoyorozu,Direct
57,Izuku Midoriya,Direct
57,All Might,Flashback
57,Uwabami,Flashback
57,Mezo Shoji,Direct
57,Rikido Sato,Direct
57,Hanta Sero,Direct
57,Tsuyu Asui,Direct
57,Mashirao Ojiro,Direct
57,Tenya Ida,Direct
57,Shoto Todoroki,Direct
57,Nagamasa Mora,Direct
57,Inasa Yoarashi,Direct
57,Camie Utsushimi,Himiko's disguise
57,Tatami Nakagame,Direct
57,Yo Shindo,Direct
57,Shikkui Makabe,Direct
57,Ochaco Uraraka,Direct
57,Eijiro Kirishima,Direct
57,Katsuki Bakugo,Direct
57,Seiji Shishikura,Direct
57,Endeavor,Mentioned
57,Kyoka Jiro,Direct
57,Yuga Aoyama,Direct
57,Koji Koda,Direct
57,Itejiro Toteki,Direct
57,Fumikage Tokoyami,Direct
57,Mina Ashido,Direct
57,Eraser Head,Direct
57,Ms. Joke,Direct
57,Present Mic,Voice commentary
57,Yokumiru Mera,Direct
57,Gang Orca,Direct
57,Stain,Pictured
57,Tensei Ida,Mentioned
57,Tiger,Flashback
57,Mt. Lady,Flashback
57,Best Jeanist,Flashback
57,X-Less,Flashback
58,All Might,Direct
58,Izuku Midoriya,Direct
58,Gang Orca,Flashback
58,Ochaco Uraraka,Direct
58,Rikido Sato,Flashback
58,Momo Yaoyorozu,Flashback
58,Minoru Mineta,Flashback
58,Mezo Shoji,Flashback
58,Tenya Ida,Direct
58,Cementoss,Direct
58,Midnight,Direct
58,Cathleen Bate,"Child, screen"
58,L.A. Villains,Screen
58,David Shield,Flashback
58,Eraser Head,Direct
58,Present Mic,Direct
58,Shoto Todoroki,Direct
58,Katsuki Bakugo,Direct
58,Tsuyu Asui,Direct
58,Melissa Shield,Direct
59,All Might,Pictured
59,Endeavor,Flashback
59,Yokumiru Mera,Direct
59,Izuku Midoriya,Direct
59,Gang Orca,Direct
59,Gang Orca's Sidekicks,Direct
59,Best Jeanist,Mentioned
59,Ochaco Uraraka,Direct
59,Rikido Sato,Direct
59,Momo Yaoyorozu,Direct
59,Mezo Shoji,Direct
59,Tenya Ida,Direct
59,Minoru Mineta,Direct
59,Eraser Head,Direct
59,Ms. Joke,Direct
59,Shoto Todoroki,Direct
59,Inasa Yoarashi,Direct
59,Mina Ashido,Direct
59,Fumikage Tokoyami,Direct
59,Mashirao Ojiro,Direct
59,Tsuyu Asui,Direct
59,Kyoka Jiro,Direct
59,Hanta Sero,Direct
59,Katsuki Bakugo,Direct
59,Eijiro Kirishima,Direct
59,Denki Kaminari,Direct
59,Yo Shindo,Direct
59,Present Mic,Flashback
59,Juzo Honenuki,Flashback
59,Nagamasa Mora,Direct
59,Yuga Aoyama,Direct
59,Koji Koda,Direct
59,Toru Hagakure,Direct
60,Ochaco Uraraka,Direct
60,Minoru Mineta,Direct
60,Rikido Sato,Direct
60,Izuku Midoriya,Direct
60,Mina Ashido,Direct
60,Tenya Ida,Direct
60,Momo Yaoyorozu,Direct
60,Fumikage Tokoyami,Direct
60,Toru Hagakure,Direct
60,Mezo Shoji,Direct
60,Yokumiru Mera,Direct
60,Katsuki Bakugo,Direct
60,Eijiro Kirishima,Direct
60,Denki Kaminari,Direct
60,Kyoka Jiro,Direct
60,Hanta Sero,Direct
60,Mashirao Ojiro,Direct
60,Yuga Aoyama,Direct
60,Koji Koda,Direct
60,Tsuyu Asui,Direct
60,Inasa Yoarashi,Direct
60,Shoto Todoroki,Direct
60,Endeavor,Mentioned
60,Nagamasa Mora,Direct
60,Tatami Nakagame,Direct
60,Itejiro Toteki,Direct
60,Yo Shindo,Direct
60,Shikkui Makabe,Direct
60,Inko Midoriya,Mentioned
60,Eraser Head,Direct
60,Ms. Joke,Direct
60,Camie Utsushimi,Himiko's disguise
60,Himiko Toga,Direct
60,Tomura Shigaraki,Direct
60,Mr. Compress,Direct
60,Present Mic,Voice commentary
60,All Might,Direct
60,All For One,Direct
60,Nana Shimura,Mentioned
60,Gran Torino,Flashback
60,Naomasa Tsukauchi,Direct
60,Sludge Villain,Flashback
60,Ragdoll,Pictured
61,Izuku Midoriya,Direct
61,Katsuki Bakugo,Direct
61,All Might,Direct
61,Eraser Head,Direct
61,Tsubasa,Flashback
61,Gran Torino,Flashback
61,Muscular,Flashback
61,Sludge Villain,Mentioned
61,Recovery Girl,Mentioned
61,Nezu,Mentioned
61,All For One,Mentioned
61,Denki Kaminari,Direct
61,Mezo Shoji,Direct
61,Hanta Sero,Direct
61,Yuga Aoyama,Direct
61,Mina Ashido,Direct
61,Fumikage Tokoyami,Direct
61,Minoru Mineta,Direct
61,Toru Hagakure,Direct
61,Ochaco Uraraka,Direct
61,Tenya Ida,Direct
61,Shoto Todoroki,Direct
62,Twice,Direct
62,Daikaku Miyagi,Screen
62,All Might,Direct
62,Endeavor,Screen
62,Kido,Fantasy
62,Onima,Fantasy
62,Team Reservoir Dogs,Direct
62,Giran,Direct
62,Tomura Shigaraki,Mentioned
62,Spinner,Direct
62,Magne,Direct
62,Dabi,Direct
62,Overhaul,Direct
62,Rikiya Katsukame,Direct
62,Shin Nemoto,Direct
62,Chronostasis,Direct
62,Izuku Midoriya,Direct
62,Tenya Ida,Direct
62,Hanta Sero,Direct
62,Kyoka Jiro,Direct
62,Mezo Shoji,Direct
62,Fumikage Tokoyami,Direct
62,Neito Monoma,Direct
62,Denki Kaminari,Direct
62,Eijiro Kirishima,Direct
62,Shihai Kuroiro,Direct
62,Kinoko Komori,Direct
62,Kosei Tsuburaba,Direct
62,Tetsutetsu Tetsutetsu,Direct
62,Kojiro Bondo,Direct
62,Itsuka Kendo,Direct
62,Jurota Shishida,Direct
62,Shoto Todoroki,Direct
62,Pony Tsunotori,Direct
62,Momo Yaoyorozu,Direct
62,Minoru Mineta,Direct
62,Hitoshi Shinso,Direct
62,Midnight,Direct
62,Ectoplasm,Direct
62,Present Mic,Direct
62,Eraser Head,Direct
62,Cementoss,Direct
62,Nezu,Direct
62,Vlad King,Direct
62,Mashirao Ojiro,Direct
62,Ibara Shiozaki,Direct
62,Thirteen,Direct
62,Toru Hagakure,Direct
62,Mina Ashido,Direct
62,Tsuyu Asui,Direct
62,Ochaco Uraraka,Direct
62,Nirengeki Shoda,Direct
62,Tamaki Amajiki,Direct
62,Nejire Hado,Direct
62,Mirio Togata,Direct
62,Hound Dog,Direct
62,Rikido Sato,Direct
62,Koji Koda,Direct
62,Yuga Aoyama,Direct
62,Katsuki Bakugo,Direct
63,Eraser Head,Direct
63,Mirio Togata,Direct
63,Nejire Hado,Direct
63,Tamaki Amajiki,Direct
63,Mina Ashido,Direct
63,Tenya Ida,Direct
63,Ochaco Uraraka,Direct
63,Rikido Sato,Direct
63,Shoto Todoroki,Direct
63,Momo Yaoyorozu,Direct
63,Izuku Midoriya,Direct
63,Kyoka Jiro,Direct
63,Denki Kaminari,Direct
63,Minoru Mineta,Direct
63,Inko Midoriya,Flashback
63,Mezo Shoji,Direct
63,Mashirao Ojiro,Direct
63,Yuga Aoyama,Direct
63,Fumikage Tokoyami,Direct
63,Koji Koda,Direct
63,Tsuyu Asui,Direct
63,Eijiro Kirishima,Direct
63,Hanta Sero,Direct
63,Toru Hagakure,Direct
63,Katsuki Bakugo,Direct
63,All Might,Direct
63,Gran Torino,Direct
63,Naomasa Tsukauchi,Direct
63,Bubble Girl,Direct
63,Sir Nighteye,Direct
63,Twice,Direct
63,Overhaul,Direct
63,Himiko Toga,Direct
63,Mr. Compress,Direct
63,Magne,Direct
63,Tomura Shigaraki,Direct
63,All For One,Direct
64,Izuku Midoriya,Direct
64,All Might,Direct
64,Shoto Todoroki,Direct
64,Stain,Flashback
64,Tenya Ida,Direct
64,Muscular,Flashback
64,Victor,Fantasy
64,Endeavor,Flashback
64,Best Jeanist,Fantasy
64,Edgeshot,Fantasy
64,Death Arms,Flashback
64,Backdraft,Fantasy
64,Kamui Woods,Fantasy
64,Fourth Kind,Fantasy
64,Gang Orca,Fantasy
64,Mt. Lady,Fantasy
64,Gran Torino,Fantasy
64,Nezu,Fantasy
64,Cementoss,Pictured
64,Thirteen,Fantasy
64,Ectoplasm,Flashback
64,Tiger,Fantasy
64,Mandalay,Fantasy
64,Pixie-Bob,Fantasy
64,Ochaco Uraraka,Direct
64,Minoru Mineta,Direct
64,Katsuki Bakugo,Direct
64,Fumikage Tokoyami,Direct
64,Eijiro Kirishima,Direct
64,Denki Kaminari,Direct
64,Mashirao Ojiro,Direct
64,Toru Hagakure,Direct
64,Tsuyu Asui,Direct
64,Rikido Sato,Direct
64,Momo Yaoyorozu,Direct
64,Kyoka Jiro,Direct
64,Hanta Sero,Direct
64,Mina Ashido,Direct
64,Koji Koda,Direct
64,Mezo Shoji,Direct
64,Yuga Aoyama,Direct
64,All For One,Flashback
64,David Shield,Flashback
64,Taneo Tokuda,Direct
64,Mirio Togata,Flashback
64,Sir Nighteye,Flashback
64,Eraser Head,Direct
64,Midnight,Pictured
64,Himiko Toga,Flashback
64,Tetsutetsu Tetsutetsu,Flashback
64,Snipe,Flashback
64,Kurogiri,Flashback
64,Sludge Villain,Flashback
64,Nomu,Flashback
64,Team Reservoir Dogs,Flashback
64,Dabi,Flashback
64,Overhaul,Direct
64,Rikiya Katsukame,Flashback
64,Shin Nemoto,Flashback
64,Present Mic,Voice commentary
64,Slugger,Flashback
64,Kota Izumi,Flashback
64,Twice,Direct
65,Izuku Midoriya,Direct
65,All Might,Direct
65,Gran Torino,Direct
65,Naomasa Tsukauchi,Direct
65,Sir Nighteye,Direct
65,Overhaul,Direct
65,Twice,Direct
65,Mr. Compress,Direct
65,Himiko Toga,Direct
65,Magne,Direct
65,Tomura Shigaraki,Direct
65,All For One,Direct
65,Stain,Flashback
65,Muscular,Flashback
65,Kota Izumi,Flashback
65,Moonfish,Flashback
65,Mimic,Direct
65,Rikiya Katsukame,Direct
65,Shin Nemoto,Direct
65,Chronostasis,Direct
65,Mina Ashido,Direct
65,Denki Kaminari,Direct
65,Kyoka Jiro,Direct
65,Katsuki Bakugo,Direct
65,Yuga Aoyama,Direct
65,Mashirao Ojiro,Direct
65,Eraser Head,Direct
65,Toru Hagakure,Direct
65,Mezo Shoji,Direct
65,Hanta Sero,Direct
65,Eijiro Kirishima,Direct
65,Tsuyu Asui,Direct
65,Minoru Mineta,Direct
65,Fumikage Tokoyami,Direct
65,Koji Koda,Direct
65,Tenya Ida,Direct
65,Momo Yaoyorozu,Direct
65,Shoto Todoroki,Direct
65,Rikido Sato,Direct
65,Ochaco Uraraka,Direct
65,Gunhead,Mentioned
65,Selkie,Mentioned
65,Cementoss,Direct
65,Ectoplasm,Direct
65,Midnight,Direct
65,Vlad King,Direct
65,Thirteen,Direct
65,Present Mic,Direct
65,Mirio Togata,Direct
65,Tamaki Amajiki,Direct
65,Nejire Hado,Direct
65,Inko Midoriya,Flashback
65,Sansa Tamakawa,Flashback
65,Nezu,Flashback
65,Bubble Girl,Direct
66,Gunhead,Pictured
66,Ochaco Uraraka,Direct
66,Momo Yaoyorozu,Pictured
66,Itsuka Kendo,Pictured
66,Uwabami,Pictured
66,Death Arms,Pictured
66,Kyoka Jiro,Pictured
66,Shoto Todoroki,Direct
66,Endeavor,Pictured
66,Onima,Pictured
66,Fourth Kind,Pictured
66,Eijiro Kirishima,Direct
66,Tetsutetsu Tetsutetsu,Pictured
66,Best Jeanist,Pictured
66,Katsuki Bakugo,Direct
66,Tenya Ida,Direct
66,Manual,Pictured
66,Izuku Midoriya,Direct
66,Gran Torino,Pictured
66,Stain,Flashback
66,Mirio Togata,Direct
66,All Might,Direct
66,Sir Nighteye,Direct
66,Bubble Girl,Direct
66,Present Mic,Voice commentary
66,Tsuyu Asui,Direct
66,Minoru Mineta,Direct
66,Mina Ashido,Direct
66,Denki Kaminari,Direct
66,Hanta Sero,Direct
66,Rikido Sato,Direct
66,Fumikage Tokoyami,Direct
66,Mezo Shoji,Direct
66,Mashirao Ojiro,Direct
66,Selkie,Mentioned
66,Eraser Head,Direct
66,Hawks,Silhouette
66,Tamaki Amajiki,Mentioned
66,Nejire Hado,Mentioned
66,Overhaul,Direct
66,Tomura Shigaraki,Flashback
66,Dabi,Flashback
66,Himiko Toga,Flashback
66,Magne,Flashback
66,Spinner,Flashback
66,Muscular,Flashback
66,Moonfish,Flashback
66,Mustard,Flashback
66,Eri,Direct
67,Mirio Togata,Direct
67,Izuku Midoriya,Direct
67,Sir Nighteye,Direct
67,All Might,Direct
67,Eri,Direct
67,Overhaul,Direct
67,Bubble Girl,Direct
67,Chronostasis,Direct
67,Team Reservoir Dogs,Flashback
67,Mimic,Direct
67,Tomura Shigaraki,Direct
67,Katsuki Bakugo,Direct
67,Hanta Sero,Direct
67,Mina Ashido,Direct
67,Rikido Sato,Direct
67,Kyoka Jiro,Direct
67,Shoto Todoroki,Direct
67,Denki Kaminari,Direct
67,Tenya Ida,Direct
67,Koji Koda,Direct
67,Yuga Aoyama,Direct
67,Mashirao Ojiro,Direct
67,Mezo Shoji,Direct
67,Ochaco Uraraka,Mentioned
67,Tsuyu Asui,Mentioned
67,Momo Yaoyorozu,Direct
67,Eijiro Kirishima,Mentioned
67,Minoru Mineta,Direct
67,Fumikage Tokoyami,Direct
67,Cementoss,Direct
67,Eraser Head,Direct
67,Thirteen,Direct
67,Midnight,Direct
67,Ectoplasm,Direct
67,Gran Torino,Flashback
67,Recovery Girl,Flashback
67,Nezu,Flashback
67,All For One,Mentioned
67,Nomu,Flashback
67,Inko Midoriya,Mentioned
68,Nejire Chan,Direct
68,Froppy,Direct
68,Uravity,Direct
68,Ryukyu,Direct
68,Present Mic,Voice commentary
68,Gunhead,Mentioned
68,Selkie,Mentioned
68,Sir Nighteye,Flashback
68,Overhaul,Direct
68,Mimic,Direct
68,Tomura Shigaraki,Direct
68,Chronostasis,Direct
68,Magne,Flashback
68,Mr. Compress,Flashback
68,Fat Gum,Direct
68,Red Riot,Direct
68,Suneater,Direct
68,Fourth Kind,Mentioned
68,Street Thieves,Direct
68,Edgeshot,Mentioned
68,All For One,Flashback
68,All For One's brother,Flashback
68,Eraser Head,Mentioned
68,All Might,Flashback
68,Ectoplasm,Flashback
68,Izuku Midoriya,Direct
68,Katsuki Bakugo,Direct
68,Denki Kaminari,Direct
68,Hanta Sero,Direct
68,Fumikage Tokoyami,Direct
68,Mina Ashido,Direct
68,Gigantomachia,Flashback
68,Rikido Sato,Direct
68,Mezo Shoji,Direct
68,Toru Hagakure,Direct
68,Mt. Lady,Mentioned
68,Kyoka Jiro,Direct
68,Momo Yaoyorozu,Direct
68,Tenya Ida,Direct
68,Mirio Togata,Flashback
68,Eri,Flashback
69,Eijiro Kirishima,Direct
69,Izuku Midoriya,Direct
69,Ochaco Uraraka,Direct
69,Tsuyu Asui,Direct
69,Mirio Togata,Direct
69,Nejire Hado,Direct
69,Tamaki Amajiki,Direct
69,Fat Gum,Direct
69,Gran Torino,Direct
69,Eraser Head,Direct
69,Bubble Girl,Direct
69,Ryukyu,Direct
69,Rock Lock,Direct
69,Kesagiri Man,Direct
69,Mr. Brave,Direct
69,Sir Nighteye,Direct
69,Centipeder,Direct
69,Team Reservoir Dogs,Flashback
69,Rikiya Katsukame,Flashback
69,Shin Nemoto,Flashback
69,Overhaul,Flashback
69,Twice,Screen
69,Naomasa Tsukauchi,Mentioned
69,Street Thieves,Flashback
69,Eri,Direct
69,Stain,Mentioned
69,All Might,Flashback
69,Tenya Ida,Flashback
69,Shoto Todoroki,Flashback
69,Mashirao Ojiro,Flashback
69,Mina Ashido,Flashback
69,Kyoka Jiro,Flashback
69,Toru Hagakure,Flashback
69,Hanta Sero,Flashback
69,Denki Kaminari,Flashback
69,Katsuki Bakugo,Flashback
69,Rikido Sato,Flashback
69,Koji Koda,Flashback
69,Momo Yaoyorozu,Flashback
69,Mezo Shoji,Flashback
69,Minoru Mineta,Flashback
69,Yuga Aoyama,Flashback
69,Fumikage Tokoyami,Flashback
70,Deku,Direct
70,Katsuki Bakugo,Direct
70,Kyoka Jiro,Direct
70,Koji Koda,Direct
70,Eraser Head,Direct
70,Rikido Sato,Direct
70,Shoto Todoroki,Direct
70,Mina Ashido,Direct
70,Denki Kaminari,Direct
70,Mashirao Ojiro,Direct
70,Momo Yaoyorozu,Direct
70,Hanta Sero,Direct
70,Red Riot,Direct
70,Froppy,Direct
70,Uravity,Direct
70,Lemillion,Direct
70,Nejire Chan,Direct
70,Suneater,Direct
70,Tomura Shigaraki,Fantasy
70,Twice,Fantasy
70,Himiko Toga,Fantasy
70,Magne,Fantasy
70,Mr. Compress,Fantasy
70,Chronostasis,Direct
70,Rikiya Katsukame,Direct
70,Overhaul,Direct
70,Mimic,Direct
70,Tenya Ida,Direct
70,All Might,Flashback
70,Sir Nighteye,Direct
70,Eri,Direct
70,Minoru Mineta,Direct
70,Mezo Shoji,Direct
70,Rock Lock,Direct
70,Bubble Girl,Direct
70,Centipeder,Direct
70,Fat Gum,Direct
70,Mr. Brave,Direct
70,Ryukyu,Direct
70,Gran Torino,Direct
70,Naomasa Tsukauchi,Mentioned
70,Midnight,Direct
70,Yuga Aoyama,Direct
70,Toru Hagakure,Direct
70,Fumikage Tokoyami,Direct
70,Kesagiri Man,Direct
70,Former Boss of Shie Hassaikai,Direct
70,Soramitsu Tabe,Direct
70,Toya Setsuno,Direct
70,Yu Hojo,Direct
70,Kendo Rappa,Direct
70,Hekiji Tengai,Direct
70,Shin Nemoto,Direct
70,Deidoro Sakaki,Direct
71,Suneater,Direct
71,Lemillion,Direct
71,Deku,Direct
71,Ryukyu,Direct
71,Rikiya Katsukame,Direct
71,Nejire Chan,Direct
71,Uravity,Direct
71,Froppy,Direct
71,Mr. Brave,Direct
71,Kesagiri Man,Direct
71,Sir Nighteye,Direct
71,Fat Gum,Direct
71,Eraser Head,Direct
71,Bubble Girl,Direct
71,Centipeder,Direct
71,Rock Lock,Direct
71,Red Riot,Direct
71,Mimic,Direct
71,Eri,Direct
71,Chronostasis,Direct
71,Overhaul,Direct
71,Soramitsu Tabe,Direct
71,Yu Hojo,Direct
71,Toya Setsuno,Direct
72,Suneater,Direct
72,Soramitsu Tabe,Direct
72,Yu Hojo,Direct
72,Toya Setsuno,Direct
72,Fat Gum,Direct
72,Sir Nighteye,Direct
72,Red Riot,Direct
72,Deku,Direct
72,Rock Lock,Direct
72,Eraser Head,Direct
72,Police Force,Direct
72,Mimic,Direct
72,Bubble Girl,Direct
72,Centipeder,Direct
72,Overhaul,Mentioned
72,Kendo Rappa,Direct
72,Hekiji Tengai,Direct
72,Mina Ashido,Flashback
72,Crimson Riot,Flashback
72,Gigantomachia,Flashback
72,All For One,Mentioned
72,Death Arms,Flashback
72,Slugger,Flashback
72,All Might,Mentioned
72,Sludge Villain,Flashback
72,Katsuki Bakugo,Flashback
72,Present Mic,Flashback
72,Nezu,Flashback
73,Overhaul,Direct
73,Chronostasis,Direct
73,Eri,Direct
73,Himiko Toga,Direct
73,Twice,Direct
73,Kendo Rappa,Direct
73,Hekiji Tengai,Direct
73,Fat Gum,Direct
73,Red Riot,Direct
73,Tetsutetsu Tetsutetsu,Flashback
73,Suneater,Flashback
73,Fourth Kind,Mentioned
73,Crimson Riot,Mentioned
73,Lemillion,Direct
73,Deku,Direct
73,Rock Lock,Direct
73,Eraser Head,Direct
73,Sir Nighteye,Direct
73,Mimic,Direct
73,Present Mic,Voice commentary
73,Ryukyu,Flashback
73,Uravity,Flashback
73,Rikiya Katsukame,Flashback
73,Nejire Chan,Flashback
73,Froppy,Flashback
73,Mr. Brave,Flashback
73,Tomura Shigaraki,Flashback
73,Kurogiri,Flashback
73,Camie Utsushimi,"Himiko's disguise, flashback"
73,Magne,Mentioned
73,Dabi,Flashback
73,Spinner,Flashback
73,Mr. Compress,Flashback
73,Giran,Flashback
73,Stain,Mentioned
74,Overhaul,Direct
74,Chronostasis,Direct
74,Suneater,Flashback
74,All For One,Mentioned
74,Himiko Toga,Direct
74,Twice,Direct
74,Mimic,Direct
74,Kendo Rappa,Flashback
74,Hekiji Tengai,Flashback
74,Soramitsu Tabe,Flashback
74,Yu Hojo,Flashback
74,Toya Setsuno,Flashback
74,Rikiya Katsukame,Flashback
74,Deidoro Sakaki,Direct
74,Shin Nemoto,Direct
74,Magne,Mentioned
74,Dabi,"Clone, flashback"
74,Uravity,Fantasy
74,Tomura Shigaraki,Mentioned
74,Deku,Direct
74,Eraser Head,Direct
74,Rock Lock,Direct
74,Sir Nighteye,Direct
74,Mirio Togata,Direct
74,Eri,Direct
74,Present Mic,Voice commentary
74,Former Boss of Shie Hassaikai,Flashback
74,Mirio Togata's father,Flashback
75,Deku,Direct
75,Eraser Head,Direct
75,Sir Nighteye,Direct
75,Mimic,Direct
75,Eijiro Kirishima,Flashback
75,Rock Lock,Direct
75,Himiko Toga,Direct
75,Twice,Direct
75,Tomura Shigaraki,Fantasy
75,Mr. Compress,Fantasy
75,Magne,Fantasy
75,Lemillion,Direct
75,Froppy,Direct
75,Uravity,Direct
75,Nejire Chan,Flashback
75,Ryukyu,Direct
75,Rikiya Katsukame,Direct
75,Mr. Brave,Flashback
75,Suneater,Flashback
75,Fat Gum,Flashback
75,Yu Hojo,Flashback
75,Soramitsu Tabe,Flashback
75,Toya Setsuno,Flashback
75,Kendo Rappa,Flashback
75,Deidoro Sakaki,Direct
75,Overhaul,Direct
75,Chronostasis,Direct
75,Shin Nemoto,Direct
75,Eri,Direct
75,Present Mic,Voice commentary
75,All Might,Flashback
75,Gran Torino,Flashback
75,Recovery Girl,Flashback
75,Nezu,Flashback
76,Rikiya Katsukame,Direct
76,Uravity,Direct
76,Ryukyu,Direct
76,Froppy,Direct
76,Nejire Chan,Direct
76,Mimic,Mentioned
76,Present Mic,Voice commentary
76,Himiko Toga,Direct
76,Deku,Direct
76,Twice,Direct
76,Mr. Compress,Double
76,Sir Nighteye,Direct
76,Eri,Direct
76,Overhaul,Direct
76,Lemillion,Flashback
76,Shin Nemoto,Direct
76,All Might,Flashback
76,Katsuki Bakugo,Flashback
76,Suneater,Flashback
76,Red Riot,Flashback
76,Chronostasis,Flashback
76,Victor,Fantasy
76,Endeavor,Fantasy
76,Best Jeanist,Fantasy
76,Death Arms,Fantasy
76,Edgeshot,Fantasy
76,Backdraft,Fantasy
76,Fourth Kind,Fantasy
76,Kamui Woods,Fantasy
76,Mt. Lady,Fantasy
76,Gang Orca,Fantasy
76,Gran Torino,Fantasy
76,Cementoss,Fantasy
76,Nezu,Fantasy
76,Thirteen,Fantasy
76,Ectoplasm,Fantasy
76,Tiger,Fantasy
76,Mandalay,Fantasy
76,Pixie-Bob,Fantasy
77,Overhaul,Direct
77,Deku,Direct
77,Eri,Direct
77,Chronostasis,Direct
77,Eraser Head,Direct
77,Suneater,Direct
77,Lemillion,Direct
77,Froppy,Direct
77,Rikiya Katsukame,Direct
77,Uravity,Direct
77,Ryukyu,Direct
77,Sir Nighteye,Direct
77,Bubble Girl,Direct
77,Himiko Toga,Direct
77,Twice,Direct
77,Centipeder,Direct
77,Kendo Rappa,Direct
77,Fat Gum,Direct
77,Red Riot,Direct
77,Hekiji Tengai,Direct
77,Yu Hojo,Direct
77,Toya Setsuno,Direct
77,Soramitsu Tabe,Direct
77,Shin Nemoto,Direct
77,Deidoro Sakaki,Direct
77,Old Boss of the Shie Hassaikai,Direct
77,Nejire-Chan,Direct
77,Rock Lock,Direct
77,Tomura Shigaraki,Direct
77,Dabi,Direct
77,Mr. Compress,Direct
77,Spinner,Direct
77,Stain,Mentioned
77,Snatch,Direct
77,All Might,Direct
77,Recovery Girl,Direct
78,Gran Torino,Direct
78,Naomasa Tsukauchi,Direct
78,Kurogiri,Direct
78,Momo Yaoyorozu,Direct
78,Denki Kaminari,Direct
78,Kyoka Jiro,Direct
78,Katsuki Bakugo,Direct
78,Eijiro Kirishima,Direct
78,Minoru Mineta,Direct
78,Izuku Midoriya,Direct
78,Hanta Sero,Direct
78,Yuga Aoyama,Direct
78,Thirteen,Flashback
78,Tsuyu Asui,Direct
78,Mina Ashido,Direct
78,Fumikage Tokoyami,Flashback
78,Tenya Ida,Direct
78,Koji Koda,Direct
78,Ochaco Uraraka,Direct
78,Mezo Shoji,Direct
78,Shoto Todoroki,Direct
78,Rikido Sato,Direct
78,Toru Hagakure,Direct
78,Mashirao Ojiro,Direct
78,All For One,Flashback
78,Tomura Shigaraki,Mentioned
78,Gigantomachia,Direct
78,Eraser Head,Direct
78,Recovery Girl,Direct
78,Snatch,Screen
78,Tamaki Amajiki,Direct
78,Nejire Hado,Direct
78,Eri,Direct
78,Mirio Togata,Direct
78,Sir Nighteye,Flashback
78,All Might,Direct
78,Ryukyu,Mentioned
78,Bubble Girl,Flashback
78,Overhaul,Flashback
78,Centipeder,Flashback
78,Fat Gum,Flashback
78,Rock Lock,Flashback
78,Yu Hojo,Flashback
78,Kendo Rappa,Flashback
78,Deidoro Sakaki,Flashback
78,Shin Nemoto,Flashback
78,Present Mic,Direct
78,Endeavor,Direct
78,Inasa Yoarashi,Direct
78,Camie Utsushimi,Direct
78,Seiji Shishikura,Direct
78,Gang Orca,Direct
78,Yokumiru Mera,Direct
79,Inasa Yoarashi,Direct
79,Shoto Todoroki,Direct
79,Katsuki Bakugo,Direct
79,Yokumiru Mera,Direct
79,Present Mic,Direct
79,Endeavor,Direct
79,All Might,Direct
79,Camie Utsushimi,Direct
79,Seiji Shishikura,Direct
79,Himiko Toga,Flashback
79,Izuku Midoriya,Flashback
79,Gang Orca,Direct
79,Eijiro Kirishima,Flashback
79,Denki Kaminari,Flashback
79,Takuto,Direct
79,Tamashiro,Direct
79,Sho,Direct
79,Komari Ikoma,Direct
79,Gang Orca's Sidekicks,Direct
79,Sir Nighteye,Flashback
79,Daikaku Miyagi,Flashback
80,Tamashiro,Direct
80,Katsuki Bakugo,Direct
80,Inasa Yoarashi,Direct
80,Shoto Todoroki,Direct
80,Camie Utsushimi,Direct
80,Sho,Direct
80,Takuto,Direct
80,Present Mic,Direct
80,Komari Ikoma,Direct
80,Yokumiru Mera,Direct
80,Seiji Shishikura,Direct
80,Gang Orca,Direct
80,All Might,Direct
80,Endeavor,Direct
80,Izuku Midoriya,Direct
80,Yo Shindo,Flashback
80,Ochaco Uraraka,Direct
80,Rikido Sato,Direct
80,Tenya Ida,Direct
80,Koji Koda,Direct
80,Tsuyu Asui,Direct
80,Mina Ashido,Direct
80,Eijiro Kirishima,Direct
80,Fumikage Tokoyami,Direct
80,Momo Yaoyorozu,Direct
80,Yuga Aoyama,Direct
80,Denki Kaminari,Direct
80,Hanta Sero,Direct
80,Mashirao Ojiro,Direct
80,Kyoka Jiro,Direct
80,Minoru Mineta,Direct
80,Mezo Shoji,Direct
80,Ectoplasm,Direct
80,Toru Hagakure,Direct
80,Eraser Head,Flashback
80,Nezu,Flashback
80,Nejire Hado,Flashback
80,Mirio Togata,Flashback
80,Tamaki Amajiki,Flashback
80,Sir Nighteye,Pictured
80,Ryukyu,Flashback
80,Fat Gum,Flashback
80,Centipeder,Flashback
80,Bubble Girl,Flashback
80,Eri,Direct
80,Lunch Rush,Mentioned
80,Midnight,Direct
80,Mt. Lady,Screen
80,Kamui Woods,Screen
80,Edgeshot,Screen
80,Cementoss,Direct
80,Kendo Rappa,Flashback
80,Overhaul,Flashback
81,Mina Ashido,Direct
81,Toru Hagakure,Direct
81,Hanta Sero,Direct
81,Denki Kaminari,Direct
81,Yuga Aoyama,Direct
81,Kyoka Jiro,Direct
81,Momo Yaoyorozu,Direct
81,Minoru Mineta,Direct
81,Izuku Midoriya,Direct
81,Mashirao Ojiro,Direct
81,Ochaco Uraraka,Direct
81,Koji Koda,Direct
81,Tsuyu Asui,Direct
81,Eraser Head,Direct
81,Tenya Ida,Direct
81,Eijiro Kirishima,Direct
81,Rikido Sato,Direct
81,Mezo Shoji,Direct
81,Fumikage Tokoyami,Direct
81,Shoto Todoroki,Direct
81,Katsuki Bakugo,Direct
81,Mei Hatsume,Pictured
81,Hitoshi Shinso,Pictured
81,Lunch Rush,Mentioned
81,Gentle Criminal,Direct
81,Eri,Direct
81,Mirio Togata,Direct
81,Sir Nighteye,Flashback
81,Overhaul,Flashback
81,Nezu,Mentioned
81,Kenji Tsuragamae,Direct
81,La Brava,Direct
82,All Might,Direct
82,Mirko,Silhouette
82,Best Jeanist,Silhouette
82,Edgeshot,Silhouette
82,Endeavor,Silhouette
82,Mr. Brave,Silhouette
82,All For One,Screen
82,Destro,Screen
82,Oji Harima,Screen
82,La Brava,Direct
82,Gentle Criminal,Direct
82,Stain,Flashback
82,League of Villains,Mentioned
82,Mashirao Ojiro,Direct
82,Izuku Midoriya,Direct
82,Eijiro Kirishima,Direct
82,Kyoka Jiro,Direct
82,Mina Ashido,Direct
82,Denki Kaminari,Direct
82,Mezo Shoji,Direct
82,Katsuki Bakugo,Direct
82,Tsutsutaka Agoyamato,Direct
82,Chikuchi Togeike,Direct
82,Tomura Shigaraki,Flashback
82,Kurogiri,Flashback
82,Thousand Eyes,Flashback
82,Stitched Giant,Flashback
82,Sickle Claw,Flashback
82,Eraser Head,Direct
82,Thirteen,Flashback
82,Shoto Todoroki,Direct
82,Tsuyu Asui,Direct
82,Tenya Ida,Direct
82,Momo Yaoyorozu,Direct
82,Ochaco Uraraka,Direct
82,Minoru Mineta,Direct
82,Rikido Sato,Direct
82,Hanta Sero,Direct
82,Fumikage Tokoyami,Direct
82,Toru Hagakure,Direct
82,Yuga Aoyama,Direct
82,Koji Koda,Direct
82,Muscular,Flashback
82,Mustard,Flashback
82,Moonfish,Flashback
82,Dabi,Flashback
82,Present Mic,Voice commentary
82,Overhaul,Flashback
82,Eri,Direct
82,Mirio Togata,Direct
83,Kyoka Jiro,Direct
83,Momo Yaoyorozu,Direct
83,Denki Kaminari,Direct
83,Fumikage Tokoyami,Direct
83,Katsuki Bakugo,Direct
83,Hanta Sero,Direct
83,Shoto Todoroki,Direct
83,Koji Koda,Direct
83,Eijiro Kirishima,Direct
83,Mina Ashido,Direct
83,Izuku Midoriya,Direct
83,Tenya Ida,Direct
83,Mezo Shoji,Direct
83,Mashirao Ojiro,Direct
83,Toru Hagakure,Direct
83,Tsuyu Asui,Direct
83,Mirio Togata,Direct
83,Ochaco Uraraka,Direct
83,Rikido Sato,Direct
83,Eri,Direct
83,Eraser Head,Direct
83,Nezu,Direct
83,Minoru Mineta,Direct
83,Tetsutetsu Tetsutetsu,Direct
83,Yosetsu Awase,Direct
83,Neito Monoma,Direct
83,Ryukyu,Flashback
83,Rikiya Katsukame,Flashback
83,Yui Kodai,Fantasy
83,Ibara Shiozaki,Fantasy
83,Setsuna Tokage,Fantasy
83,Nirengeki Shoda,Fantasy
83,Hiryu Rin,Fantasy
83,Jurota Shishida,Fantasy
83,Pony Tsunotori,Fantasy
83,Kojiro Bondo,Fantasy
83,Itsuka Kendo,Pictured
83,Nejire Hado,Direct
83,Yuyu Haya,Direct
83,Tamaki Amajiki,Direct
83,Bibimi Kenranzaki,Fantasy
83,Uwabami,Flashback
83,Mei Hatsume,Direct
83,Hitoshi Shinso,Direct
83,Midnight,Direct
83,Hound Dog,Direct
83,Yuga Aoyama,Direct
83,All Might,Direct
83,Endeavor,Screen
83,Gentle Criminal,Direct
83,La Brava,Direct
84,Hanta Sero,Direct
84,Eijiro Kirishima,Direct
84,Koji Koda,Direct
84,Mina Ashido,Direct
84,Toru Hagakure,Direct
84,Mashirao Ojiro,Direct
84,Izuku Midoriya,Direct
84,Tenya Ida,Direct
84,Minoru Mineta,Direct
84,Mezo Shoji,Direct
84,Yuga Aoyama,Direct
84,Momo Yaoyorozu,Direct
84,Kyoka Jiro,Direct
84,Katsuki Bakugo,Direct
84,Denki Kaminari,Direct
84,Fumikage Tokoyami,Direct
84,Ochaco Uraraka,Direct
84,Rikido Sato,Direct
84,Tsuyu Asui,Direct
84,Shoto Todoroki,Direct
84,Hound Dog,Direct
84,All Might,Direct
84,Mei Hatsume,Direct
84,Gentle Criminal,Direct
84,La Brava,Direct
84,Midnight,Flashback
84,Eri,Flashback
84,Eraser Head,Flashback
84,Tetsutetsu Tetsutetsu,Flashback
84,Neito Monoma,Flashback
84,Yosetsu Awase,Flashback
84,Nejire Hado,Flashback
84,Mirio Togata,Flashback
84,League of Villains,Mentioned
85,Itsuka Kendo,Direct
85,Reiko Yanagi,Direct
85,Neito Monoma,Direct
85,Tetsutetsu Tetsutetsu,Direct
85,Yosetsu Awase,Direct
85,Uwabami,Flashback
85,Momo Yaoyorozu,Flashback
85,Nejire Hado,Direct
85,Tamaki Amajiki,Direct
85,Yuyu Haya,Direct
85,Bibimi Kenranzaki,Direct
85,Mirio Togata,Direct
85,Eri,Direct
85,Eraser Head,Direct
85,Mei Hatsume,Direct
85,Power Loader,Direct
85,All Might,Direct
85,Midnight,Direct
85,Gentle Criminal,Direct
85,La Brava,Direct
85,Izuku Midoriya,Direct
85,Best Jeanist,Screen
85,Ingenium,Screen
85,Present Mic,Direct
85,Hound Dog,Direct
85,Takeshita,Flashback
85,Danjuroâ€™s mother,Flashback
85,Danjuroâ€™s father,Flashback
85,Inko Midoriya,Flashback
85,Sir Nighteye,Flashback
85,Ectoplasm,Clones
86,Gentle Criminal,Direct
86,La Brava,Direct
86,Ectoplasm,Direct
86,Hound Dog,Direct
86,Izuku Midoriya,Direct
86,Snipe,Direct
86,Eraser Head,Direct
86,Mirio Togata,Direct
86,Eri,Direct
86,Tenya Ida,Direct
86,Eijiro Kirishima,Direct
86,Hanta Sero,Direct
86,Toru Hagakure,Direct
86,Shoto Todoroki,Direct
86,Momo Yaoyorozu,Direct
86,Kyoka Jiro,Direct
86,Denki Kaminari,Direct
86,Katsuki Bakugo,Direct
86,Yuga Aoyama,Direct
86,Tsutsutaka Agoyamato,Direct
86,Chikuchi Togeike,Direct
86,All Might,Direct
86,Ochaco Uraraka,Direct
86,Minoru Mineta,Direct
86,Mashirao Ojiro,Direct
86,Mezo Shoji,Direct
86,Mina Ashido,Direct
86,Rikido Sato,Direct
86,Tsuyu Asui,Direct
86,Present Mic,Direct
86,Fumikage Tokoyami,Direct
86,Koji Koda,Direct
86,Kyotoku Jiro,Flashback
86,Mika Jiro,Flashback
86,Overhaul,Fantasy
86,Sir Nighteye,Mentioned
86,Tetsutetsu Tetsutetsu,Direct
86,Nirengeki Shoda,Direct
86,Neito Monoma,Direct
86,Yui Kodai,Direct
86,Yosetsu Awase,Direct
86,Itsuka Kendo,Direct
86,Bibimi Kenranzaki,Direct
86,Nejire Hado,Direct
86,Yuyu Haya,Direct
86,Tamaki Amajiki,Direct
86,Hitoshi Shinso,Direct
86,Mei Hatsume,Direct
86,Gori,Direct
87,Eri,Direct
87,Eraser Head,Direct
87,Tamaki Amajiki,Direct
87,Nejire Hado,Direct
87,Mirio Togata,Direct
87,Izuku Midoriya,Direct
87,Eijiro Kirishima,Direct
87,Ochaco Uraraka,Direct
87,Tsuyu Asui,Direct
87,Satsuki Asui,Mentioned
87,Fumikage Tokoyami,Direct
87,Mashirao Ojiro,Direct
87,Shoto Todoroki,Direct
87,Koji Koda,Direct
87,Hanta Sero,Direct
87,Kyoka Jiro,Direct
87,Katsuki Bakugo,Direct
87,Denki Kaminari,Direct
87,Mina Ashido,Direct
87,Minoru Mineta,Direct
87,Mezo Shoji,Direct
87,Momo Yaoyorozu,Direct
87,Tenya Ida,Direct
87,Mandalay,Direct
87,Ragdoll,Direct
87,Tiger,Direct
87,Pixie-Bob,Direct
87,Kota Izumi,Direct
87,Yuga Aoyama,Direct
87,Toru Hagakure,Direct
87,Rikido Sato,Direct
87,All For One,Flashback
87,Present Mic,Voice commentary
87,Ryukyu,Direct
87,Yoroi Musha,Direct
87,Wash,Direct
87,Kamui Woods,Direct
87,Mt. Lady,Direct
87,Death Arms,Direct
87,Crust,Direct
87,Mirko,Direct
87,Edgeshot,Direct
87,Hawks,Direct
87,Endeavor,Direct
87,Public Safety Commission President,Direct
87,Fat Gum,Direct
87,Rock Lock,Direct
87,Stain,Mentioned
87,All Might,Flashback
87,Dabi,Direct
87,Hood,Direct
87,Teruo Hazukashi,Direct
87,Hiroshi Tameda,Direct
87,Inasa Yoarashi,Mentioned
87,Nomu,Flashback
87,Best Jeanist,Flashback
87,Gang Orca,Flashback
87,X-Less,Flashback
87,Nomu (Hosu) (Flashback),Direct
87,Destro,Mentioned
88,Fuyumi Todoroki,Direct
88,Rei Todoroki,Direct
88,Natsuo Todoroki,Direct
88,Shoto Todoroki,Direct
88,Inasa Yoarashi,Flashback
88,Endeavor,Direct
88,Hood,Direct
88,Hawks,Direct
88,Toya Todoroki,Flashback
88,Izuku Midoriya,Direct
88,Fumikage Tokoyami,Direct
88,Momo Yaoyorozu,Direct
88,Denki Kaminari,Direct
88,Eijiro Kirishima,Direct
88,Tsuyu Asui,Direct
88,Ochaco Uraraka,Direct
88,Present Mic,Direct
88,Thirteen,Direct
88,All Might,Direct
88,Katsuki Bakugo,Direct
88,Hanta Sero,Direct
88,Eraser Head,Direct
88,Hiroshi Tameda,Direct
88,Nana Shimura,Vision
88,Fifth user,Vision
88,Sixth user,Vision
88,Fourth user,Vision
88,All For One,Vision
88,First user,Vision
89,Denki Kaminari,Direct
89,Eijiro Kirishima,Direct
89,Tsuyu Asui,Direct
89,Endeavor,Direct
89,High-End,Flashback
89,Hawks,Direct
89,Kyoka Jiro,Direct
89,Mashirao Ojiro,Direct
89,Toru Hagakure,Direct
89,Ochaco Uraraka,Direct
89,Izuku Midoriya,Direct
89,Shoto Todoroki,Direct
89,Tenya Ida,Direct
89,Minoru Mineta,Direct
89,Momo Yaoyorozu,Direct
89,Mezo Shoji,Direct
89,Eraser Head,Direct
89,Katsuki Bakugo,Direct
89,Hanta Sero,Direct
89,Fumikage Tokoyami,Direct
89,Rikido Sato,Direct
89,Yuga Aoyama,Direct
89,Mina Ashido,Direct
89,Koji Koda,Direct
89,Present Mic,Voice commentary
89,Mirio Togata,Direct
89,Nejire Hado,Direct
89,Tamaki Amajiki,Direct
89,All Might,Direct
89,Dabi,Direct
90,Endeavor,Direct
90,Dabi,Direct
90,Hawks,Direct
90,High-End,Corpse
90,Snatch,Flashback
90,Mirko,Direct
90,Ujiko,Mentioned
90,Tomura Shigaraki,Mentioned
90,Public Safety Commission President,Flashback
90,Gran Torino,Mentioned
90,Katsuki Bakugo,Mentioned
90,Fuyumi Todoroki,Direct
90,Shoto Todoroki,Direct
90,Natsuo Todoroki,Direct
90,Eraser Head,Direct
90,Nomu,Mentioned
90,Hiroshi Tameda,Screen
90,Edgeshot,Mentioned
90,All Might,Flashback
90,Rei Todoroki,Direct
90,Minoru Mineta,Direct
90,Izuku Midoriya,Direct
90,"Past One For All users
First user (Vision)
Fourth user (Vision)
Fifth user (Vision)
Sixth user (Vision)
Nana Shimura (Vision)",Direct
90,All For One,Vision
91,Izuku Midoriya,Direct
91,Yuga Aoyama,Direct
91,First user,Flashback
91,Nana Shimura,Flashback
91,Fourth user,Flashback
91,Sixth user,Flashback
91,Fifth user,Flashback
91,All Might,Direct
91,All For One,Flashback
91,Endeavor,Flashback
91,Rei Todoroki,Flashback
91,Fuyumi Todoroki,Flashback
91,Natsuo Todoroki,Flashback
91,Toya Todoroki,Flashback
91,Shoto Todoroki,Direct
91,Inko Midoriya,Mentioned
91,Eraser Head,Direct
91,Hitoshi Shinso,Direct
91,Toru Hagakure,Direct
91,Minoru Mineta,Direct
91,Mezo Shoji,Direct
91,Kyoka Jiro,Direct
91,Ochaco Uraraka,Direct
91,Tsuyu Asui,Direct
91,Mina Ashido,Direct
91,Mashirao Ojiro,Direct
91,Momo Yaoyorozu,Direct
91,Tenya Ida,Direct
91,Rikido Sato,Direct
91,Katsuki Bakugo,Direct
91,Denki Kaminari,Direct
91,Eijiro Kirishima,Direct
91,Mei Hatsume,Flashback
91,Fumikage Tokoyami,Direct
91,Koji Koda,Direct
91,Hanta Sero,Direct
91,Neito Monoma,Direct
91,Yosetsu Awase,Direct
91,Sen Kaibara,Direct
91,Kosei Tsuburaba,Direct
91,Nirengeki Shoda,Direct
91,Juzo Honenuki,Direct
91,Hiryu Rin,Direct
91,Togaru Kamakiri,Direct
91,Setsuna Tokage,Direct
91,Jurota Shishida,Direct
91,Manga Fukidashi,Direct
91,Kinoko Komori,Direct
91,Yui Kodai,Direct
91,Kojiro Bondo,Direct
91,Tetsutetsu Tetsutetsu,Direct
91,Shihai Kuroiro,Direct
91,Itsuka Kendo,Direct
91,Ibara Shiozaki,Direct
91,Pony Tsunotori,Direct
91,Reiko Yanagi,Direct
91,Present Mic,Voice commentary
91,Vlad King,Direct
91,Nezu,Painted image
91,Midnight,Direct
92,Hitoshi Shinso,Direct
92,Tsuyu Asui,Direct
92,Denki Kaminari,Direct
92,Eijiro Kirishima,Direct
92,Koji Koda,Direct
92,Nezu,Painted image
92,Izuku Midoriya,Direct
92,Midnight,Direct
92,Jurota Shishida,Direct
92,Kosei Tsuburaba,Direct
92,Sen Kaibara,Direct
92,Reiko Yanagi,Direct
92,Yosetsu Awase,Direct
92,Kojiro Bondo,Direct
92,Nirengeki Shoda,Direct
92,Juzo Honenuki,Direct
92,Yui Kodai,Direct
92,Togaru Kamakiri,Direct
92,Shihai Kuroiro,Direct
92,Setsuna Tokage,Direct
92,Itsuka Kendo,Direct
92,Kinoko Komori,Direct
92,Manga Fukidashi,Direct
92,Pony Tsunotori,Direct
92,Hanta Sero,Direct
92,Tetsutetsu Tetsutetsu,Direct
92,Neito Monoma,Direct
92,Mezo Shoji,Direct
92,Rikido Sato,Direct
92,Katsuki Bakugo,Direct
92,Fumikage Tokoyami,Direct
92,Mashirao Ojiro,Direct
92,Mina Ashido,Direct
92,Shoto Todoroki,Direct
92,All Might,Direct
92,Kyoka Jiro,Direct
92,Yuga Aoyama,Direct
92,Momo Yaoyorozu,Direct
92,Tenya Ida,Direct
92,Eraser Head,Direct
92,Ochaco Uraraka,Direct
92,Vlad King,Direct
92,Minoru Mineta,Direct
92,Present Mic,Voice commentary
92,Ibara Shiozaki,Direct
92,Hiryu Rin,Direct
92,Toru Hagakure,Direct
92,Ectoplasm,Mentioned
92,Hanzo Suiden,Flashback
92,Sharkyonara,Flashback
92,Mei Hatsume,Fantasy
93,Eraser Head,Direct
93,Mina Ashido,Direct
93,Fumikage Tokoyami,Direct
93,Rikido Sato,Direct
93,Eijiro Kirishima,Direct
93,Jurota Shishida,Direct
93,Ibara Shiozaki,Direct
93,Koji Koda,Direct
93,Denki Kaminari,Direct
93,Tsuyu Asui,Direct
93,Hitoshi Shinso,Direct
93,Kosei Tsuburaba,Direct
93,Hiryu Rin,Direct
93,Vlad King,Direct
93,Setsuna Tokage,Direct
93,Manga Fukidashi,Direct
93,Toru Hagakure,Direct
93,Yuga Aoyama,Direct
93,Tenya Ida,Direct
93,Ochaco Uraraka,Direct
93,Shoto Todoroki,Direct
93,Hanta Sero,Direct
93,Kinoko Komori,Direct
93,Sen Kaibara,Direct
93,Nirengeki Shoda,Direct
93,Fat Gum,Flashback
93,Kendo Rappa,Flashback
93,Ryukyu,Flashback
93,Rikiya Katsukame,Flashback
93,Izuku Midoriya,Direct
93,Sir Nighteye,Flashback
93,Momo Yaoyorozu,Direct
93,Mashirao Ojiro,Direct
93,Kyoka Jiro,Direct
93,Mezo Shoji,Direct
93,Midnight,Direct
93,All Might,Direct
93,Pony Tsunotori,Direct
93,Neito Monoma,Direct
93,Minoru Mineta,Direct
93,Katsuki Bakugo,Direct
93,Yosetsu Awase,Direct
93,Shihai Kuroiro,Direct
93,Gentle Criminal,Flashback
93,Yo Shindo,Flashback
93,Overhaul,Flashback
93,Eri,Flashback
93,Mirio Togata,Flashback
93,Juzo Honenuki,Direct
93,Tetsutetsu Tetsutetsu,Direct
93,Reiko Yanagi,Direct
93,Yui Kodai,Direct
93,Kojiro Bondo,Direct
93,Togaru Kamakiri,Direct
93,Itsuka Kendo,Direct
93,Uwabami,Flashback
93,Mustard,Flashback
93,Present Mic,Voice commentary
93,Hawks,Flashback
93,Tomura Shigaraki,Flashback
93,Kurogiri,Flashback
93,Stitched Giant,Flashback
93,Nomu,Flashback
93,Mei Hatsume,Flashback
94,Momo Yaoyorozu,Direct
94,Toru Hagakure,Direct
94,Fumikage Tokoyami,Direct
94,Yuga Aoyama,Direct
94,Kinoko Komori,Direct
94,Present Mic,Voice commentary
94,Minoru Mineta,Direct
94,Yosetsu Awase,Direct
94,Kyoka Jiro,Direct
94,Ochaco Uraraka,Direct
94,Shihai Kuroiro,Direct
94,Itsuka Kendo,Direct
94,Nezu,Painted image
94,Manga Fukidashi,Direct
94,Vlad King,Direct
94,Mina Ashido,Direct
94,Shoto Todoroki,Direct
94,Rikido Sato,Direct
94,Hanta Sero,Direct
94,Izuku Midoriya,Direct
94,Tetsutetsu Tetsutetsu,Direct
94,Mashirao Ojiro,Direct
94,Eraser Head,Flashback
94,Sen Kaibara,Direct
94,Hawks,Mentioned
94,Neito Monoma,Direct
94,Midnight,Direct
94,All Might,Direct
95,Kinoko Komori,Direct
95,Fumikage Tokoyami,Direct
95,Momo Yaoyorozu,Direct
95,Itsuka Kendo,Direct
95,Toru Hagakure,Direct
95,Yuga Aoyama,Direct
95,Manga Fukidashi,Direct
95,Shihai Kuroiro,Direct
95,Nezu,Painted image
95,Eraser Head,Direct
95,Hitoshi Shinso,Direct
95,Jurota Shishida,Direct
95,Vlad King,Direct
95,Neito Monoma,Direct
95,Minoru Mineta,Direct
95,Izuku Midoriya,Direct
95,Ochaco Uraraka,Direct
95,Mina Ashido,Direct
95,Sen Kaibara,Direct
95,Setsuna Tokage,Direct
95,Reiko Yanagi,Direct
95,Mashirao Ojiro,Direct
95,Tetsutetsu Tetsutetsu,Direct
95,Denki Kaminari,Direct
95,Eijiro Kirishima,Direct
95,Yui Kodai,Direct
95,Ibara Shiozaki,Direct
95,Kosei Tsuburaba,Direct
95,Nirengeki Shoda,Direct
95,Togaru Kamakiri,Direct
95,Tenya Ida,Direct
95,Pony Tsunotori,Direct
95,Juzo Honenuki,Direct
95,Yosetsu Awase,Direct
95,All Might,Direct
95,Gran Torino,Mentioned
95,Nana Shimura,Flashback
95,Sixth user,Flashback
95,Fifth user,Flashback
95,Fourth user,Flashback
95,First user,Flashback
95,Katsuki Bakugo,Direct
95,Recovery Girl,Direct
95,Mezo Shoji,Direct
95,Shoto Todoroki,Direct
95,Koji Koda,Direct
95,Hawks,Mentioned
95,Endeavor,Direct
95,High-End,Flashback
95,Toya Todoroki,Mentioned
95,Rei Todoroki,Mentioned
95,Tensei Ida,Flashback
95,Present Mic,Voice commentary
95,Kido,Direct
95,Onima,Direct
95,Fuyumi Todoroki,Mentioned
95,Rikido Sato,Direct
95,Hanta Sero,Direct
95,Hiryu Rin,Direct
96,Tenya Ida,Direct
96,Juzo Honenuki,Direct
96,Jurota Shishida,Direct
96,Reiko Yanagi,Direct
96,Yosetsu Awase,Direct
96,Hiryu Rin,Direct
96,Kosei Tsuburaba,Direct
96,Kojiro Bondo,Direct
96,Nirengeki Shoda,Direct
96,Ibara Shiozaki,Direct
96,Yui Kodai,Direct
96,Togaru Kamakiri,Direct
96,Shihai Kuroiro,Direct
96,Setsuna Tokage,Direct
96,Itsuka Kendo,Direct
96,Hitoshi Shinso,Direct
96,Kinoko Komori,Direct
96,Manga Fukidashi,Direct
96,Denki Kaminari,Direct
96,Eijiro Kirishima,Direct
96,Neito Monoma,Direct
96,Rikido Sato,Direct
96,Katsuki Bakugo,Direct
96,Fumikage Tokoyami,Direct
96,Koji Koda,Direct
96,Hanta Sero,Direct
96,Tsuyu Asui,Direct
96,Mina Ashido,Direct
96,Kyoka Jiro,Direct
96,Yuga Aoyama,Direct
96,Momo Yaoyorozu,Direct
96,Ochaco Uraraka,Direct
96,Izuku Midoriya,Direct
96,Minoru Mineta,Direct
96,All Might,Direct
96,Midnight,Direct
96,Shota Aizawa,Direct
96,Vlad King,Direct
96,Gran Torino,Mentioned
96,Mashirao Ojiro,Direct
96,Sen Kaibara,Direct
96,Nezu,Painted image
96,Tetsutetsu Tetsutetsu,Direct
96,Shoto Todoroki,Direct
96,Pony Tsunotori,Direct
96,Mezo Shoji,Direct
96,Endeavor,Flashback
96,Native,Flashback
96,Stain,Flashback
96,Toru Hagakure,Flashback
96,Recovery Girl,Direct
96,Rei Todoroki,Flashback
96,Tensei Ida,Flashback
97,Kyoka Jiro,Direct
97,Hanta Sero,Direct
97,Kojiro Bondo,Direct
97,Yosetsu Awase,Direct
97,Rikido Sato,Direct
97,Katsuki Bakugo,Direct
97,Togaru Kamakiri,Direct
97,Setsuna Tokage,Direct
97,Vlad King,Direct
97,Denki Kaminari,Direct
97,Yuga Aoyama,Direct
97,Fumikage Tokoyami,Direct
97,Eijiro Kirishima,Direct
97,Midnight,Direct
97,All Might,Direct
97,Mezo Shoji,Direct
97,Mashirao Ojiro,Direct
97,Koji Koda,Direct
97,Minoru Mineta,Direct
97,Izuku Midoriya,Direct
97,Shoto Todoroki,Direct
97,Ochaco Uraraka,Direct
97,Momo Yaoyorozu,Direct
97,Yui Kodai,Direct
97,Nirengeki Shoda,Direct
97,Eraser Head,Direct
97,Neito Monoma,Direct
97,Itsuka Kendo,Direct
97,Present Mic,Voice commentary
97,Mina Ashido,Direct
97,Nezu,Pictured
97,Shihai Kuroiro,Direct
97,Manga Fukidashi,Direct
97,Toru Hagakure,Direct
97,Hitoshi Shinso,Direct
97,Reiko Yanagi,Direct
97,Kosei Tsuburaba,Direct
97,Tsuyu Asui,Direct
97,Sen Kaibara,Direct
97,Juzo Honenuki,Direct
97,Kinoko Komori,Direct
97,Jurota Shishida,Direct
97,Ibara Shiozaki,Direct
97,Tenya Ida,Direct
97,Pony Tsunotori,Direct
97,Tetsutetsu Tetsutetsu,Direct
97,Hiryu Rin,Direct
98,All For One,Direct
98,Gigantomachia,Flashback
98,Gran Torino,Direct
98,Naomasa Tsukauchi,Flashback
98,Tomura Shigaraki,Fantasy
98,Twice,Fantasy
98,Himiko Toga,Fantasy
98,Magne,Fantasy
98,Mr. Compress,Fantasy
98,First user,Flashback
98,Mina Ashido,Direct
98,Minoru Mineta,Direct
98,Ochaco Uraraka,Direct
98,Izuku Midoriya,Direct
98,Vlad King,Direct
98,Eraser Head,Direct
98,Midnight,Direct
98,All Might,Direct
98,Nana Shimura,Flashback
98,Neito Monoma,Direct
98,Nirengeki Shoda,Direct
98,Hitoshi Shinso,Direct
98,Reiko Yanagi,Direct
98,Yui Kodai,Direct
98,Tenya Ida,Direct
98,Shoto Todoroki,Direct
98,Hanta Sero,Direct
98,Koji Koda,Direct
98,Kyoka Jiro,Direct
98,Katsuki Bakugo,Direct
98,Rikido Sato,Direct
98,Yosetsu Awase,Flashback
98,Present Mic,Voice commentary
98,Dabi,Flashback
98,Kurogiri,Flashback
98,Momo Yaoyorozu,Direct
98,Mashirao Ojiro,Direct
98,Tsuyu Asui,Direct
98,Mezo Shoji,Direct
98,Gentle Criminal,Flashback
98,Sir Nighteye,Flashback
98,Overhaul,Flashback
98,Eri,Flashback
98,Fifth user,Vision
98,Fourth user,Vision
98,Sixth user,Vision
99,Vlad King,Direct
99,Izuku Midoriya,Direct
99,Eraser Head,Direct
99,All Might,Direct
99,Hitoshi Shinso,Direct
99,Yui Kodai,Direct
99,Minoru Mineta,Direct
99,Reiko Yanagi,Direct
99,Nirengeki Shoda,Direct
99,Mina Ashido,Direct
99,Ochaco Uraraka,Direct
99,Denki Kaminari,Direct
99,Eijiro Kirishima,Direct
99,Tsuyu Asui,Direct
99,Rikido Sato,Direct
99,Hanta Sero,Direct
99,Kosei Tsuburaba,Direct
99,Jurota Shishida,Direct
99,Kyoka Jiro,Direct
99,Katsuki Bakugo,Direct
99,Neito Monoma,Direct
99,Sen Kaibara,Direct
99,Shihai Kuroiro,Direct
99,Shoto Todoroki,Direct
99,Fifth user,Flashback
99,Nezu,Painted image
99,Fumikage Tokoyami,Direct
99,Tetsutetsu Tetsutetsu,Direct
99,Togaru Kamakiri,Direct
99,Kojiro Bondo,Direct
99,Kinoko Komori,Direct
99,Momo Yaoyorozu,Direct
99,Itsuka Kendo,Direct
99,Toru Hagakure,Direct
99,Juzo Honenuki,Direct
99,Tenya Ida,Direct
99,Yosetsu Awase,Direct
99,Midnight,Direct
99,Yuga Aoyama,Direct
99,Mezo Shoji,Screen
99,Mashirao Ojiro,Direct
99,Koji Koda,Direct
99,Ibara Shiozaki,Direct
99,Manga Fukidashi,Direct
99,Pony Tsunotori,Direct
99,Setsuna Tokage,Direct
99,Hiryu Rin,Direct
100,Hitoshi Shinso,Direct
100,Izuku Midoriya,Direct
100,Eraser Head,Direct
100,Ochaco Uraraka,Direct
100,Tsuyu Asui,Direct
100,Hiryu Rin,Direct
100,Jurota Shishida,Direct
100,Vlad King,Direct
100,Tetsutetsu Tetsutetsu,Direct
100,Ibara Shiozaki,Direct
100,Sen Kaibara,Direct
100,Eijiro Kirishima,Direct
100,Setsuna Tokage,Direct
100,Denki Kaminari,Direct
100,Pony Tsunotori,Direct
100,Mashirao Ojiro,Direct
100,Itsuka Kendo,Direct
100,Juzo Honenuki,Direct
100,Tenya Ida,Direct
100,Rikido Sato,Direct
100,Hanta Sero,Direct
100,Mina Ashido,Direct
100,Shoto Todoroki,Direct
100,Kyoka Jiro,Direct
100,Momo Yaoyorozu,Direct
100,Minoru Mineta,Direct
100,Nirengeki Shoda,Mentioned
100,Neito Monoma,Direct
100,All Might,Direct
100,Yui Kodai,Direct
100,Reiko Yanagi,Direct
100,Eri,Direct
100,Mirio Togata,Direct
100,Katsuki Bakugo,Direct
100,Fifth user,Mentioned
100,Nana Shimura,Mentioned
100,Sixth user,Mentioned
100,All For One,Mentioned
100,Toru Hagakure,Direct
100,Shihai Kuroiro,Direct
100,Kinoko Komori,Direct
100,Fumikage Tokoyami,Direct
100,Kosei Tsuburaba,Direct
100,Koji Koda,Direct
100,Yosetsu Awase,Direct
100,Endeavor,Direct
100,Ectoplasm,Direct
100,Present Mic,Direct
100,Nezu,Direct
100,Midnight,Direct
100,Oboro Shirakumo,Mentioned
100,Fat Gum,Fantasy
100,Gang Orca,Direct
100,Camie Utsushimi,Direct
100,Inasa Yoarashi,Direct
100,Gang Orca's Sidekicks,Direct
100,Yuga Aoyama,Direct
100,Mezo Shoji,Direct
100,Cider House,Direct
100,Slidin' Go,Direct
101,Tomura Shigaraki,Direct
101,Katsuki Bakugo,Direct
101,Cider House,Flashback
101,Shoto Todoroki,Direct
101,Tenya Ida,Direct
101,Ochaco Uraraka,Direct
101,Izuku Midoriya,Direct
101,Denki Kaminari,Direct
101,Hanta Sero,Direct
101,Mina Ashido,Direct
101,Tsuyu Asui,Direct
101,Kyoka Jiro,Direct
101,Momo Yaoyorozu,Direct
101,Toru Hagakure,Direct
101,Minoru Mineta,Direct
101,Aorio Kuraishisu,Screen
101,Hiroshi Tameda,Flashback
101,Endeavor,Flashback
101,Hood,Flashback
101,Eijiro Kirishima,Direct
101,Yuga Aoyama,Direct
101,Rikido Sato,Direct
101,Mt. Lady,Direct
101,Midnight,Direct
101,Eraser Head,Direct
101,Koji Koda,Direct
101,Mezo Shoji,Direct
101,Fumikage Tokoyami,Direct
101,Mashirao Ojiro,Direct
101,Kamui Woods,Flashback
101,Giant Villain,Flashback
101,Ryukyu,Fantasy
101,Mirko,Fantasy
101,Edgeshot,Fantasy
101,Hawks,Direct
101,Best Jeanist,Flashback
101,Tensei Ida,Mentioned
101,Fifth user,Flashback
101,All Might,Direct
101,Nezu,Direct
101,Snipe,Direct
101,Ectoplasm,Direct
101,Cementoss,Direct
101,Vlad King,Direct
101,Public Safety Commission President,Direct
101,Naomasa Tsukauchi,Screen
101,Centipeder,Flashback
101,Bubble Girl(Flashback),Direct
101,Sir Nighteye,Mentioned
101,Gran Torino,Mentioned
101,Eri,Direct
101,Mirio Togata,Flashback
101,Neito Monoma,Flashback
102,Hawks,Direct
102,Hood,Flashback
102,Endeavor,Direct
102,Dabi,Direct
102,Public Safety Commission President,Direct
102,Best Jeanist,Direct
102,All For One,Flashback
102,Recovery Girl,Mentioned
102,Izuku Midoriya,Direct
102,Inko Midoriya,Direct
102,Ochaco Uraraka,Mentioned
102,Hitoshi Shinso,Mentioned
102,Eri,Mentioned
102,All Might,Flashback
102,Cementoss,Direct
102,Slidin' Go,Direct
102,Skeptic,Cameo
102,Katsuki Bakugo,Direct
102,Shoto Todoroki,Direct
102,Starservant,Direct
102,Fumikage Tokoyami,Mentioned
102,Destro,Fantasy
102,Burnin,Direct
102,Kido,Direct
102,Onima,Direct
103,Hawks,Direct
103,Re-Destro,Direct
103,Trumpet,Direct
103,Skeptic,Direct
103,Dabi,Direct
103,Himiko Toga,Direct
103,Twice,Direct
103,Spinner,Direct
103,Destro,Mentioned
103,Mr. Compress,Direct
103,Tomura Shigaraki,Mentioned
103,Endeavor,Direct
103,Katsuki Bakugo,Direct
103,Izuku Midoriya,Direct
103,Shoto Todoroki,Direct
103,Starservant,Flashback
103,Public Safety Commission President,Flashback
103,Burnin,Direct
103,Onima,Direct
103,Kido,Direct
103,Fumikage Tokoyami,Direct
103,Ryukyu,Direct
103,Nejire Hado,Direct
103,Ochaco Uraraka,Direct
103,Tsuyu Asui,Direct
103,Tenya Ida,Direct
103,Manual,Direct
103,Tamaki Amajiki,Direct
103,Tetsutetsu Tetsutetsu,Direct
103,Eijiro Kirishima,Direct
103,Fat Gum,Direct
103,Edgeshot,Direct
103,Kamui Woods,Direct
103,Mt. Lady,Direct
103,Ibara Shiozaki,Direct
103,Denki Kaminari,Direct
103,Hanta Sero,Direct
103,Minoru Mineta,Direct
103,Rikido Sato,Direct
103,Mashirao Ojiro,Direct
103,Jurota Shishida,Direct
103,Nirengeki Shoda,Direct
103,Shishido,Direct
103,Kyoka Jiro,Direct
103,Gang Orca,Direct
103,Mezo Shoji,Direct
103,Wash,Direct
103,Koji Koda,Direct
103,Manga Fukidashi,Direct
103,Momo Yaoyorozu,Direct
103,Setsuna Tokage,Direct
103,Majestic,Direct
103,Yuga Aoyama,Direct
103,Mina Ashido,Direct
103,Toru Hagakure,Direct
103,Yoroi Musha,Direct
103,Pony Tsunotori,Direct
103,Neito Monoma,Direct
103,Yosetsu Awase,Direct
103,Hiryu Rin,Direct
103,Kinoko Komori,Direct
103,Shihai Kuroiro,Direct
103,Togaru Kamakiri,Direct
103,Sen Kaibara,Direct
103,Kosei Tsuburaba,Direct
103,Juzo Honenuki,Direct
103,Yui Kodai,Direct
103,Itsuka Kendo,Direct
103,Reiko Yanagi,Direct
103,Kojiro Bondo,Direct
103,Yo Shindo,Direct
103,Tatami Nakagame,Direct
103,Shikkui Makabe,Direct
103,Itejiro Toteki,Direct
103,Inasa Yoarashi,Direct
103,Seiji Shishikura,Direct
103,Camie Utsushimi,Direct
103,Mirio Togata,Direct
103,Gentle Criminal,Flashback
103,La Brava,Flashback
103,All Might,Flashback
103,Tsubasa,Flashback
103,Rei Todoroki,Flashback
103,Fuyumi Todoroki,Flashback
103,Gran Torino,Flashback
103,Fifth user,Flashback
103,Hood,Flashback
103,Muscular,Flashback
103,Eri,Flashback
103,Overhaul,Flashback
104,Izuku Midoriya,Direct
104,Shoto Todoroki,Direct
104,Katsuki Bakugo,Direct
104,Endeavor,Direct
104,Burnin,Direct
104,Kido,Direct
104,Onima,Direct
104,Ochaco Uraraka,Direct
104,Tsuyu Asui,Direct
104,Ryukyu,Direct
104,Nejire Hado,Direct
104,Present Mic,Voice commentary
104,Eijiro Kirishima,Flashback
104,Selkie,Direct
104,Sirius,Direct
104,Mick,Direct
104,Innsmouth,Flashback
104,Flect Turn,Direct
105,Shoto Todoroki,Direct
105,Katsuki Bakugo,Direct
105,Izuku Midoriya,Direct
105,Endeavor,Direct
105,Burnin,Direct
105,Kido,Direct
105,Onima,Direct
105,Hawks,Flashback
105,Fuyumi Todoroki,Direct
105,Natsuo Todoroki,Direct
105,Rei Todoroki,Flashback
105,Toya Todoroki,Flashback
105,All Might,Flashback
105,Hood,Flashback
105,Camie Utsushimi,Flashback
105,Inasa Yoarashi,Flashback
105,Takuto,Flashback
105,Tamashiro,Flashback
105,Sho,Flashback
105,Ending,Direct
106,Endeavor,Direct
106,Takami,Flashback
106,Ending,Direct
106,All Might,Mentioned
106,Toya Todoroki,Pictured
106,Natsuo Todoroki,Direct
106,Katsuki Bakugo,Direct
106,Izuku Midoriya,Direct
106,Fuyumi Todoroki,Direct
106,Shoto Todoroki,Direct
106,Rei Todoroki,Flashback
106,Untenmaru Kurumada,Direct
106,Ochaco Uraraka,Mentioned
106,Eijiro Kirishima,Mentioned
106,Hood,Flashback
106,Starservant,Flashback
106,Best Jeanist,Mentioned
106,Hawks,Direct
107,Tenya Ida,Direct
107,Momo Yaoyorozu,Direct
107,Yuga Aoyama,Direct
107,Mina Ashido,Direct
107,Mashirao Ojiro,Direct
107,Tsuyu Asui,Direct
107,Denki Kaminari,Direct
107,Ochaco Uraraka,Direct
107,Eijiro Kirishima,Direct
107,Mezo Shoji,Direct
107,Koji Koda,Direct
107,Rikido Sato,Direct
107,Kyoka Jiro,Direct
107,Hanta Sero,Direct
107,Fumikage Tokoyami,Direct
107,Shoto Todoroki,Direct
107,Toru Hagakure,Direct
107,Katsuki Bakugo,Direct
107,Izuku Midoriya,Direct
107,Minoru Mineta,Direct
107,Eraser Head,Direct
107,Manual,Mentioned
107,All Might,Direct
107,Present Mic,Direct
107,Naomasa Tsukauchi,Direct
107,Gran Torino,Direct
107,Kurogiri,Direct
107,Oboro Shirakumo,Direct
107,All For One,Flashback
107,Endeavor,Flashback
107,Hood,Flashback
107,Hawks,Direct
107,Thirteen,Flashback
107,Steel Bulwark,Flashback
107,Nomu (U.S.J.) (Flashback),Direct
107,Mawata Fuwa,Direct
107,Nezu,Flashback
107,Public Safety Commission President,Direct
107,Twice,Direct
107,Daruma Ujiko,Direct
107,Tomura Shigaraki,Direct
108,Daruma Ujiko,Direct
108,Tomura Shigaraki,Direct
108,Kurogiri,Flashback
108,Gigantomachia,Direct
108,Mr. Compress,Direct
108,Himiko Toga,Direct
108,Twice,Direct
108,Spinner,Direct
108,Dabi,Direct
108,Eleph,Direct
108,Ribby,Direct
108,Hood,Direct
108,Woman,Direct
108,Chubs,Direct
108,Robot,Direct
108,Kotaro Shimura,Flashback
108,All For One,Flashback
108,Nao Shimura,Flashback
108,Hana Shimura,Flashback
108,All Might,Flashback
108,Overhaul,Flashback
108,Johnny,Direct
108,Stain,Mentioned
108,Izuku Midoriya,Mentioned
108,Ochaco Uraraka,Mentioned
108,Re-Destro,Direct
108,Giran,Direct
108,Skeptic,Direct
108,Trumpet,Direct
108,Curious,Direct
108,Endeavor,Pictured
108,Hawks,Pictured
108,Edgeshot,Pictured
108,Mirko,Pictured
108,Crust,Pictured
108,Destro,Pictured
109,Destro,Flashback
109,Re-Destro,Direct
109,Geten,Direct
109,Skeptic,Direct
109,Trumpet,Direct
109,Curious,Direct
109,Tomura Shigaraki,Direct
109,Spinner,Direct
109,Himiko Toga,Direct
109,Dabi,Direct
109,Twice,Direct
109,Mr. Compress,Direct
109,Gigantomachia,Mentioned
109,Slidin' Go,Direct
109,Giran,Direct
109,Nomu (U.S.J.) (Flashback),Direct
109,Kurogiri,Flashback
109,Izuku Midoriya,Flashback
109,Naomasa Tsukauchi,Flashback
109,Endeavor,Flashback
109,Gran Torino,Flashback
109,All Might,Flashback
109,Hood,Flashback
109,Hawks,Flashback
109,Mirko,Flashback
109,All For One,Mentioned
109,Present Mic,Voice commentary
109,Saito,Flashback
109,Ochaco Uraraka,Himiko's disguise
109,Nana Shimura,Photograph
109,Kotaro Shimura,Photograph
109,Hana Shimura,Flashback
110,Twice,Direct
110,Himiko Toga,Direct
110,Skeptic,Direct
110,Giran,Direct
110,Re-Destro,Direct
110,Tomura Shigaraki,Direct
110,Spinner,Direct
110,Mr. Compress,Direct
110,Geten,Direct
110,Dabi,Direct
110,Daruma Ujiko,Direct
110,Johnny,Direct
110,All For One,Voice
110,Gigantomachia,Direct
110,Trumpet,Direct
110,The Mother of Quirks,Pictured
110,Destro,Flashback
111,Twice,Direct
111,Himiko Toga,Direct
111,Spinner,Direct
111,Trumpet,Direct
111,Present Mic,Voice commentary
111,Stain,Flashback
111,Tomura Shigaraki,Direct
111,Mr. Compress,Flashback
111,Giran,Direct
111,Re-Destro,Direct
111,All For One,Flashback
111,Hana Shimura,Flashback
111,Nao Shimura,Flashback
111,Geten,Mentioned
111,All Might,Flashback
111,Magne,Flashback
111,Dabi,Flashback
111,Katsuki Bakugo,Flashback
111,Kamui Woods,Flashback
111,Kurogiri,Flashback
111,Gran Torino,Flashback
111,Chizuo,Flashback
111,Mako,Flashback
111,Skeptic,Direct
111,Gigantomachia,Direct
111,Kotaro Shimura,Flashback
111,Nana Shimura,Flashback
112,Tomura Shigaraki,Direct
112,All For One,Flashback
112,Daruma Ujiko,Direct
112,Kotaro Shimura,Flashback
112,Nao Shimura,Flashback
112,Chizuo,Pictured
112,Mako,Pictured
112,Hana Shimura,Flashback
112,Re-Destro,Direct
112,Gigantomachia,Direct
112,Geten,Direct
112,Dabi,Direct
112,Twice,Direct
112,Himiko Toga,Direct
112,Mr. Compress,Direct
112,Johnny,Direct
112,Trumpet,Direct
112,Giran,Direct
112,Skeptic,Direct
112,Destro,Pictured
112,Spinner,Direct
112,Izuku Midoriya,Narration
112,Curious,Pictured
112,Victor,Direct
112,Chomper,Direct
113,Hawks,Direct
113,Dabi,Direct
113,Best Jeanist,Flashback
113,Re-Destro,Direct
113,Trumpet,Direct
113,Geten,Direct
113,Skeptic,Direct
113,Tomura Shigaraki,Direct
113,Mr. Compress,Direct
113,Himiko Toga,Direct
113,Twice,Direct
113,Spinner,Direct
113,Endeavor,Flashback
113,Izuku Midoriya,Direct
113,Shoto Todoroki,Direct
113,Katsuki Bakugo,Direct
113,Daruma Ujiko,Direct
113,Yuga Aoyama,Direct
113,Hanta Sero,Direct
113,Denki Kaminari,Direct
113,Fumikage Tokoyami,Direct
113,Rikido Sato,Direct
113,Toru Hagakure,Direct
113,Tsuyu Asui,Direct
113,Ochaco Uraraka,Direct
113,Eijiro Kirishima,Direct
113,Koji Koda,Direct
113,Momo Yaoyorozu,Direct
113,Mezo Shoji,Direct
113,All Might,Direct
113,Mashirao Ojiro,Direct
113,Tenya Ida,Direct
113,Mina Ashido,Direct
113,Minoru Mineta,Direct
113,Kyoka Jiro,Direct
113,Yoroi Musha,Mentioned
113,Shishido,Pictured
113,Gang Orca,Pictured
113,Mt. Lady,Pictured
113,Edgeshot,Pictured
113,Kamui Woods,Pictured
113,Manual,Pictured
113,Wash,Pictured
113,Fat Gum,Pictured
113,Ryukyu,Pictured
113,Majestic,Pictured
113,Eraser Head,Direct
113,Present Mic,Direct
113,Mirio Togata,Direct
113,Tamaki Amajiki,Direct
113,Eri,Direct
113,Nejire Hado,Direct
113,Daigoro Banjo,Flashback
113,All For One,Flashback
113,Fourth user,Flashback
113,Sixth user,Flashback
113,Nana Shimura,Flashback
113,Gran Torino,Flashback
113,Fuyumi Todoroki,Mentioned
113,Yui Kodai,Mentioned
113,Naomasa Tsukauchi,Mentioned
113,Stain,Mentioned
113,Sir Nighteye,Flashback
113,Burnin,Direct
113,Manga Fukidashi,Direct
